Date,Close,Currency,High,Low,Open,Volume
2014-03-28,558.46,USD,564.88,557.14,559.66,41116
2014-03-31,555.45,USD,565.45,555.41,565.34,10802
2014-04-01,565.61,USD,566.89,557.18,557.18,7954
2014-04-02,565.45,USD,603.17,560.65,598.35,147100
2014-04-03,568.18,USD,585.67,562.59,568.29,5101498
2014-04-04,541.65,USD,576.19,541.51,573.08,6395168
2014-04-07,536.68,USD,546.98,525.71,539.26,4401621
2014-04-08,553.38,USD,553.48,540.13,541.11,3161061
2014-04-09,562.6,USD,563.82,551.44,558.09,3333870
2014-04-10,539.47,USD,563.45,538.42,563.45,4038801
2014-04-11,529.15,USD,538.52,525.09,531.09,3926923
2014-04-14,531.06,USD,542.61,528.11,536.78,2575071
2014-04-15,534.97,USD,536.98,517.04,535.35,3858016
2014-04-16,555.02,USD,555.47,538.52,541.51,4893287
2014-04-17,534.63,USD,548.0,529.7,547.31,6814050
2014-04-21,527.17,USD,535.23,524.16,534.63,2568246
2014-04-22,533.35,USD,535.76,526.07,527.19,2365899
2014-04-23,525.5,USD,532.41,524.81,532.33,2056697
2014-04-24,523.72,USD,530.19,520.69,528.62,1887132
2014-04-25,514.77,USD,523.26,514.01,521.08,2103022
2014-04-28,515.73,USD,517.18,501.42,515.76,3335562
2014-04-29,526.26,USD,528.01,514.91,515.48,2699881
2014-04-30,525.22,USD,526.55,521.09,526.16,1751700
2014-05-01,529.9,USD,531.47,522.45,525.67,1905650
2014-05-02,526.48,USD,532.54,524.17,532.3,1689668
2014-05-05,526.36,USD,527.45,519.89,523.38,1024212
2014-05-06,513.73,USD,525.37,513.65,523.79,1689005
2014-05-07,508.56,USD,515.27,501.92,514.38,3224907
2014-05-08,509.6,USD,515.81,505.06,507.07,2021666
2014-05-09,517.31,USD,518.48,502.82,509.35,2439462
2014-05-12,528.47,USD,528.74,517.59,522.08,1913632
2014-05-13,531.63,USD,534.6,528.06,529.44,1653434
2014-05-14,525.21,USD,531.54,523.85,531.54,1195135
2014-05-15,518.56,USD,524.43,516.0,524.26,1708436
2014-05-16,519.2,USD,520.37,514.03,519.96,1485756
2014-05-19,527.41,USD,528.33,516.17,518.28,1279866
2014-05-20,528.32,USD,534.76,524.86,528.29,1785000
2014-05-21,537.46,USD,537.71,530.45,531.44,1196665
2014-05-22,543.57,USD,546.1,539.3,539.65,1616262
2014-05-23,551.19,USD,552.12,542.21,545.76,1934930
2014-05-27,564.4,USD,564.45,552.83,554.48,2106064
2014-05-28,560.14,USD,566.29,559.46,563.02,1652241
2014-05-29,558.55,USD,562.46,557.18,561.81,1354365
2014-05-30,558.36,USD,559.81,554.39,559.26,1771645
2014-06-02,552.41,USD,559.36,544.24,559.16,1438929
2014-06-03,543.45,USD,550.83,541.06,549.48,1867033
2014-06-04,543.17,USD,547.11,537.27,540.02,1817059
2014-06-05,552.38,USD,553.43,542.96,544.9,1689512
2014-06-06,554.81,USD,556.53,547.43,556.53,1737349
2014-06-09,560.58,USD,561.36,554.52,555.62,1467695
2014-06-10,559.02,USD,562.06,556.37,558.98,1353149
2014-06-11,557.31,USD,558.35,553.5,556.47,1100393
2014-06-12,549.84,USD,556.46,546.96,555.77,1461105
2014-06-13,550.25,USD,550.79,544.07,550.75,1220518
2014-06-16,542.79,USD,548.12,540.04,547.76,1708705
2014-06-17,541.52,USD,543.83,537.85,542.71,1449848
2014-06-18,551.85,USD,552.04,542.51,543.37,1742113
2014-06-19,553.38,USD,553.48,547.01,552.72,2458071
2014-06-20,554.84,USD,556.05,548.88,555.33,4509308
2014-06-23,563.4,USD,563.45,552.73,553.63,1538872
2014-06-24,563.07,USD,571.08,559.47,563.64,2207834
2014-06-25,577.07,USD,578.37,563.67,563.71,1969840
2014-06-26,574.42,USD,580.86,570.28,579.41,1741980
2014-06-27,575.66,USD,578.28,572.23,575.6,2237300
2014-06-30,573.7,USD,577.98,573.18,577.08,1314508
2014-07-01,581.07,USD,582.8,575.07,576.74,1450280
2014-07-02,580.74,USD,583.84,578.8,581.75,1057832
2014-07-03,583.13,USD,583.41,579.33,581.75,714165
2014-07-07,580.66,USD,584.82,578.0,582.16,1064748
2014-07-08,569.53,USD,577.94,564.58,576.08,1913887
2014-07-09,574.5,USD,575.14,567.82,570.02,1116965
2014-07-10,569.54,USD,575.01,563.46,564.36,1357033
2014-07-11,577.59,USD,579.26,569.86,570.34,1622010
2014-07-14,583.27,USD,583.61,576.45,581.0,1857375
2014-07-15,583.18,USD,584.2,574.98,584.14,1623259
2014-07-16,581.06,USD,586.79,580.61,586.39,1398389
2014-07-17,572.16,USD,579.4,567.05,577.94,3023754
2014-07-18,593.45,USD,595.17,580.41,591.38,4017389
2014-07-21,587.86,USD,592.77,583.63,590.13,2065991
2014-07-22,593.11,USD,598.01,588.98,589.1,1699440
2014-07-23,594.35,USD,596.21,590.88,591.61,1233223
2014-07-24,591.73,USD,597.86,590.15,594.82,1036178
2014-07-25,587.41,USD,590.24,585.42,588.78,935285
2014-07-28,588.98,USD,590.88,583.15,586.46,986863
2014-07-29,584.01,USD,588.09,581.92,587.14,1350344
2014-07-30,585.81,USD,587.89,582.4,584.94,1016716
2014-07-31,570.03,USD,582.05,568.44,579.01,2105280
2014-08-01,564.52,USD,574.38,561.31,568.84,1955525
2014-08-04,571.58,USD,573.77,562.56,567.48,1431087
2014-08-05,563.52,USD,570.41,561.07,568.49,1560959
2014-08-06,564.82,USD,569.14,558.47,560.24,1334531
2014-08-07,561.82,USD,568.33,559.56,566.44,1111945
2014-08-08,567.21,USD,568.69,558.82,562.02,1496589
2014-08-11,566.33,USD,568.93,564.45,568.43,1219306
2014-08-12,561.19,USD,564.35,559.34,562.97,1541980
2014-08-13,573.21,USD,573.43,564.2,565.76,1441870
2014-08-14,573.08,USD,576.32,569.32,574.6,985625
2014-08-15,571.91,USD,577.79,568.96,576.28,1521221
2014-08-18,580.57,USD,582.91,574.42,574.53,1286052
2014-08-19,585.25,USD,585.73,582.4,583.4,981987
2014-08-20,582.89,USD,585.09,580.97,584.28,1037620
2014-08-21,581.77,USD,582.9,579.55,582.22,915360
2014-08-22,580.96,USD,583.63,579.05,581.99,791652
2014-08-25,578.61,USD,583.4,577.41,583.12,1362541
2014-08-26,576.28,USD,580.21,575.0,579.67,1639955
2014-08-27,569.44,USD,576.91,568.54,575.69,1704829
2014-08-28,567.64,USD,571.68,565.55,568.0,1299521
2014-08-29,570.03,USD,570.47,565.52,569.77,1084200
2014-09-02,575.75,USD,576.25,569.63,570.28,1581159
2014-09-03,576.36,USD,581.39,573.43,578.41,1217921
2014-09-04,580.39,USD,584.4,577.63,578.41,1463964
2014-09-05,584.48,USD,584.94,580.36,582.38,1633951
2014-09-08,588.11,USD,590.15,584.69,584.99,1433025
2014-09-09,579.42,USD,587.39,578.41,587.29,1290255
2014-09-10,581.5,USD,581.9,575.36,579.91,977822
2014-09-11,579.76,USD,580.22,574.68,578.77,1221064
2014-09-12,574.04,USD,580.05,572.89,579.41,1602063
2014-09-15,571.53,USD,573.38,566.65,571.37,1600606
2014-09-16,578.36,USD,579.91,571.09,571.19,1482365
2014-09-17,583.17,USD,585.91,577.19,578.42,1695637
2014-09-18,587.66,USD,587.93,583.4,585.39,1445971
2014-09-19,594.45,USD,594.85,587.89,589.88,3737278
2014-09-22,585.76,USD,592.32,581.86,592.19,1692344
2014-09-23,579.54,USD,585.24,579.41,585.24,1471733
2014-09-24,586.38,USD,588.02,578.93,579.87,1729272
2014-09-25,573.49,USD,586.37,572.61,585.94,1930636
2014-09-26,575.52,USD,577.66,573.09,574.48,1443760
2014-09-29,574.78,USD,576.61,569.61,570.18,1284722
2014-09-30,575.78,USD,578.26,571.28,575.35,1622880
2014-10-01,566.71,USD,576.0,565.46,574.43,1448994
2014-10-02,568.52,USD,570.34,561.78,565.76,1178534
2014-10-03,573.7,USD,575.64,570.93,571.48,1141762
2014-10-06,575.77,USD,579.41,572.87,577.22,1214646
2014-10-07,562.2,USD,573.69,562.2,572.83,1911661
2014-10-08,570.93,USD,572.31,555.96,564.02,1993346
2014-10-09,559.34,USD,569.93,557.53,569.62,2526611
2014-10-10,543.0,USD,563.58,542.56,556.19,3087086
2014-10-13,531.75,USD,548.0,531.64,543.5,2585756
2014-10-14,536.47,USD,545.69,531.71,537.42,2223317
2014-10-15,528.58,USD,531.34,516.88,529.56,3722729
2014-10-16,523.07,USD,527.98,513.59,517.58,3708577
2014-10-17,509.77,USD,529.53,507.14,525.81,5545859
2014-10-20,519.41,USD,520.33,506.71,508.06,2612658
2014-10-21,525.1,USD,525.35,517.69,523.75,2338935
2014-10-22,531.25,USD,538.32,527.35,528.44,2925192
2014-10-23,542.49,USD,545.72,534.38,537.84,2351735
2014-10-24,538.3,USD,543.39,534.32,542.87,1977461
2014-10-27,539.29,USD,542.92,535.56,535.56,1188226
2014-10-28,547.4,USD,547.48,540.14,541.51,1276868
2014-10-29,547.83,USD,552.67,545.48,548.49,1771959
2014-10-30,548.8,USD,551.29,542.02,547.45,1455653
2014-10-31,557.55,USD,558.04,553.23,557.82,2038468
2014-11-03,553.7,USD,556.37,551.72,553.98,1382296
2014-11-04,552.59,USD,553.98,547.8,551.49,1244168
2014-11-05,544.43,USD,555.28,542.56,555.28,2032304
2014-11-06,540.56,USD,545.39,539.49,544.01,1333254
2014-11-07,539.53,USD,544.71,537.2,544.71,1633732
2014-11-10,545.99,USD,548.09,539.54,539.98,1134653
2014-11-11,548.78,USD,550.43,544.8,546.99,967515
2014-11-12,545.81,USD,548.95,543.68,548.88,1129687
2014-11-13,543.89,USD,548.29,541.99,548.29,1339386
2014-11-14,542.91,USD,545.18,540.67,545.18,1289522
2014-11-17,535.04,USD,542.3,532.6,542.09,1726008
2014-11-18,533.57,USD,540.46,532.71,536.03,1963039
2014-11-19,535.52,USD,536.77,528.63,533.54,1392252
2014-11-20,533.37,USD,533.64,529.63,529.8,1563412
2014-11-21,536.03,USD,540.66,535.09,540.13,2224339
2014-11-24,537.79,USD,541.21,534.15,536.18,1706354
2014-11-25,539.6,USD,542.49,537.13,537.52,1789868
2014-11-26,538.89,USD,540.07,535.57,539.4,1523675
2014-11-28,540.35,USD,540.52,535.13,539.14,1148375
2014-12-01,532.34,USD,539.93,530.4,537.42,2115391
2014-12-02,532.29,USD,534.03,528.35,532.05,1526661
2014-12-03,529.87,USD,534.53,527.81,529.98,1282800
2014-12-04,535.84,USD,535.87,527.14,529.71,1396030
2014-12-05,523.82,USD,531.43,522.84,529.55,2565674
2014-12-08,525.54,USD,529.55,522.36,525.69,2333516
2014-12-09,531.91,USD,532.73,519.07,520.71,1876406
2014-12-10,524.62,USD,534.86,524.12,531.62,1721549
2014-12-11,526.89,USD,532.46,525.66,526.35,1615387
2014-12-12,517.24,USD,527.05,517.24,522.08,1994578
2014-12-15,512.39,USD,521.67,511.86,521.31,2820509
2014-12-16,494.03,USD,511.65,487.66,510.16,3964225
2014-12-17,503.51,USD,505.61,495.45,495.64,2883175
2014-12-18,509.7,USD,512.46,503.32,511.55,2926743
2014-12-19,514.94,USD,516.3,505.52,510.11,3690252
2014-12-22,523.43,USD,525.02,514.67,514.67,2731077
2014-12-23,529.14,USD,533.1,524.85,525.56,2197584
2014-12-24,527.32,USD,530.3,525.58,529.06,705968
2014-12-26,532.57,USD,532.79,525.87,527.32,1040576
2014-12-29,528.88,USD,534.01,528.56,530.73,2282353
2014-12-30,528.97,USD,529.7,525.69,526.64,876322
2014-12-31,524.96,USD,531.14,524.36,529.8,1375585
2015-01-02,523.37,USD,529.82,522.67,527.56,1450634
2015-01-05,512.46,USD,522.89,511.66,521.83,2059878
2015-01-06,500.59,USD,514.76,499.68,513.59,2899890
2015-01-07,499.73,USD,505.86,498.28,505.61,2065020
2015-01-08,501.3,USD,502.1,489.66,496.63,3353577
2015-01-09,494.81,USD,503.54,493.44,503.38,2071386
2015-01-12,491.2,USD,494.62,486.23,493.58,2326817
2015-01-13,494.82,USD,501.6,491.04,497.47,2372182
2015-01-14,499.5,USD,501.85,491.65,493.3,2235760
2015-01-15,500.42,USD,504.3,496.4,504.19,2718799
2015-01-16,506.69,USD,506.8,498.63,498.64,2298336
2015-01-20,505.51,USD,511.1,504.63,509.6,2232033
2015-01-21,516.62,USD,517.86,504.81,505.86,2268667
2015-01-22,532.93,USD,534.86,518.28,520.05,2676887
2015-01-23,538.47,USD,540.69,531.54,534.12,2281732
2015-01-26,533.74,USD,537.52,528.22,537.06,1543751
2015-01-27,517.21,USD,529.25,516.77,528.52,1904057
2015-01-28,508.6,USD,521.56,508.6,521.35,1683840
2015-01-29,509.26,USD,509.69,499.83,509.6,4186386
2015-01-30,533.06,USD,538.39,514.11,514.45,5606327
2015-02-02,527.03,USD,531.54,517.13,530.27,2849779
2015-02-03,527.79,USD,531.94,521.83,526.55,2038667
2015-02-04,521.33,USD,531.21,519.84,527.79,1663680
2015-02-05,526.14,USD,527.05,520.66,522.36,1849752
2015-02-06,529.55,USD,535.73,524.97,526.2,1763478
2015-02-09,526.38,USD,530.54,524.58,526.55,1267747
2015-02-10,535.47,USD,536.23,525.48,527.85,1749867
2015-02-11,534.5,USD,536.98,531.92,533.83,1377742
2015-02-12,541.44,USD,543.33,533.21,535.78,1620260
2015-02-13,547.51,USD,548.4,541.64,541.86,1900329
2015-02-17,541.35,USD,548.49,539.61,545.33,1616866
2015-02-18,538.22,USD,544.0,536.04,539.92,1453067
2015-02-19,541.38,USD,541.62,536.54,536.57,990189
2015-02-20,537.47,USD,542.26,534.33,541.64,1445169
2015-02-23,530.45,USD,534.97,527.96,534.58,1457899
2015-02-24,534.62,USD,535.32,526.8,528.55,1005145
2015-02-25,542.38,USD,544.72,533.98,534.43,1826041
2015-02-26,553.96,USD,554.62,540.02,541.72,2311548
2015-02-27,556.87,USD,563.16,551.39,552.72,2410152
2015-03-02,569.78,USD,570.58,557.22,559.0,2129627
2015-03-03,572.07,USD,573.81,564.97,568.89,1704752
2015-03-04,571.8,USD,575.53,566.45,570.3,1876833
2015-03-05,573.75,USD,576.33,571.84,573.45,1389623
2015-03-06,566.13,USD,575.1,565.21,573.31,1659104
2015-03-09,567.29,USD,568.71,561.99,565.31,1062244
2015-03-10,553.49,USD,563.3,553.21,562.71,1792264
2015-03-11,549.67,USD,556.61,549.17,553.62,1820748
2015-03-12,553.99,USD,554.85,548.95,551.99,1389577
2015-03-13,545.82,USD,556.87,542.73,551.98,1703536
2015-03-16,552.99,USD,555.33,544.51,549.44,1640986
2015-03-17,549.33,USD,552.28,546.5,550.2,1805513
2015-03-18,557.97,USD,558.25,545.5,550.99,2134558
2015-03-19,556.46,USD,559.26,554.62,557.86,1197327
2015-03-20,558.83,USD,560.18,557.52,560.11,2616855
2015-03-23,557.28,USD,560.82,554.31,558.9,1643807
2015-03-24,568.63,USD,573.02,559.67,561.02,2583307
2015-03-25,557.26,USD,570.69,557.21,568.94,2152277
2015-03-26,553.65,USD,557.37,549.14,556.06,1572637
2015-03-27,546.84,USD,553.76,546.63,551.49,1897518
2015-03-30,550.52,USD,551.95,546.67,550.11,1287483
2015-03-31,546.5,USD,553.19,545.22,548.49,1588025
2015-04-01,541.07,USD,549.63,538.02,547.1,1963093
2015-04-02,534.06,USD,539.37,532.39,539.37,1716437
2015-04-06,535.3,USD,536.94,528.12,530.76,1324393
2015-04-07,535.55,USD,541.2,534.53,536.61,1302865
2015-04-08,540.13,USD,542.36,536.91,536.91,1178559
2015-04-09,539.3,USD,540.47,534.02,539.55,1557851
2015-04-10,538.53,USD,540.81,535.84,540.81,1409433
2015-04-13,537.69,USD,542.57,535.84,536.94,1645314
2015-04-14,528.94,USD,536.1,526.65,534.78,2604173
2015-04-15,531.07,USD,533.27,521.79,527.25,2318861
2015-04-16,532.34,USD,534.12,528.16,528.45,1299863
2015-04-17,522.62,USD,528.39,519.58,527.21,2151847
2015-04-20,533.91,USD,534.62,523.06,524.16,1680087
2015-04-21,532.51,USD,537.91,532.21,536.04,1844719
2015-04-22,537.89,USD,539.6,530.29,532.94,1593611
2015-04-23,545.5,USD,549.45,538.75,539.52,4184834
2015-04-24,563.51,USD,569.58,555.72,564.55,4932536
2015-04-27,555.37,USD,565.95,553.2,563.39,2398039
2015-04-28,553.68,USD,556.02,550.37,554.64,1490983
2015-04-29,549.08,USD,553.68,546.9,550.47,1698761
2015-04-30,537.34,USD,548.59,535.05,547.87,2082214
2015-05-01,537.9,USD,539.54,532.1,538.43,1768181
2015-05-04,540.78,USD,544.07,535.06,538.53,1307960
2015-05-05,530.8,USD,539.74,530.39,538.21,1383068
2015-05-06,524.22,USD,532.38,521.09,531.24,1566987
2015-05-07,530.7,USD,533.46,521.75,523.99,1546278
2015-05-08,538.22,USD,541.15,525.0,536.65,1527615
2015-05-11,535.7,USD,541.98,535.4,538.37,905285
2015-05-12,529.04,USD,533.21,525.26,531.6,1634174
2015-05-13,529.62,USD,534.32,528.65,530.56,1253063
2015-05-14,538.4,USD,539.0,532.41,533.77,1403935
2015-05-15,533.85,USD,539.27,530.38,539.18,1971343
2015-05-18,532.3,USD,534.82,528.85,532.01,2003421
2015-05-19,537.36,USD,540.66,533.04,533.98,1966947
2015-05-20,539.27,USD,542.92,532.97,538.49,1430826
2015-05-21,542.51,USD,543.84,535.98,537.95,1462695
2015-05-22,540.11,USD,544.19,539.51,540.15,1176214
2015-05-26,532.32,USD,539.0,529.88,538.12,2406512
2015-05-27,539.79,USD,540.55,531.71,532.8,1525019
2015-05-28,539.78,USD,540.61,536.25,538.01,1029849
2015-05-29,532.11,USD,538.63,531.45,537.37,2597407
2015-06-01,533.99,USD,536.79,529.76,536.79,1904332
2015-06-02,539.18,USD,543.0,531.33,532.93,1938989
2015-06-03,540.31,USD,543.5,537.11,539.91,1717036
2015-06-04,536.7,USD,540.59,534.32,537.76,1348337
2015-06-05,533.33,USD,537.2,532.52,536.35,1388220
2015-06-08,526.83,USD,534.12,526.24,533.31,1524139
2015-06-09,526.69,USD,529.2,523.01,527.56,1455266
2015-06-10,536.69,USD,538.36,529.35,529.36,1814958
2015-06-11,534.61,USD,538.98,533.02,538.42,1217536
2015-06-12,532.33,USD,533.12,530.16,531.6,955789
2015-06-15,527.2,USD,528.3,524.0,528.0,1632702
2015-06-16,528.15,USD,529.64,525.56,528.4,1071814
2015-06-17,529.26,USD,530.98,525.1,529.37,1294216
2015-06-18,536.73,USD,538.15,530.79,531.0,1833109
2015-06-19,536.69,USD,538.25,533.01,537.21,1893497
2015-06-22,538.19,USD,543.74,537.53,539.59,1250282
2015-06-23,540.48,USD,541.5,535.25,539.64,1197450
2015-06-24,537.84,USD,540.0,535.66,540.0,1286608
2015-06-25,535.23,USD,540.9,535.23,538.87,1335697
2015-06-26,531.69,USD,537.76,531.35,537.26,2109130
2015-06-29,521.52,USD,528.61,520.54,525.01,1937821
2015-06-30,520.51,USD,526.25,520.5,526.02,2235595
2015-07-01,521.84,USD,525.69,518.23,524.73,1961354
2015-07-02,523.4,USD,524.65,521.08,521.08,1235903
2015-07-06,522.86,USD,525.25,519.0,519.5,1280525
2015-07-07,525.02,USD,526.18,515.18,523.13,1597229
2015-07-08,516.83,USD,522.73,516.11,521.05,1296699
2015-07-09,520.68,USD,523.77,520.35,523.12,1842347
2015-07-10,530.13,USD,532.56,525.55,526.29,1956682
2015-07-13,546.55,USD,547.11,532.4,532.88,2206475
2015-07-14,561.1,USD,565.85,546.71,546.76,3244066
2015-07-15,560.22,USD,566.5,556.79,560.13,1784554
2015-07-16,579.85,USD,580.68,565.0,565.12,4768318
2015-07-17,672.93,USD,674.47,645.0,649.0,11164943
2015-07-20,663.02,USD,668.88,653.01,659.24,5860872
2015-07-21,662.3,USD,673.0,654.3,655.21,3377196
2015-07-22,662.1,USD,678.64,659.0,660.89,3929309
2015-07-23,644.28,USD,663.63,641.0,661.27,3029109
2015-07-24,623.56,USD,648.17,622.52,647.0,3625747
2015-07-27,627.26,USD,634.3,620.5,621.0,2675381
2015-07-28,628.0,USD,632.83,623.31,632.83,1727327
2015-07-29,631.93,USD,633.36,622.65,628.8,1575069
2015-07-30,632.59,USD,635.22,622.05,630.0,1474203
2015-07-31,625.61,USD,632.91,625.5,631.38,1706149
2015-08-03,631.21,USD,633.06,625.34,625.34,1304511
2015-08-04,629.25,USD,634.81,627.16,628.42,1490881
2015-08-05,643.78,USD,647.86,633.16,634.33,2334266
2015-08-06,642.68,USD,645.38,632.25,645.0,1572600
2015-08-07,635.3,USD,642.68,629.71,640.23,1403865
2015-08-10,633.73,USD,643.44,631.25,639.48,1809205
2015-08-11,660.78,USD,674.9,654.27,669.2,5029203
2015-08-12,659.56,USD,665.0,652.29,663.08,2940803
2015-08-13,656.45,USD,664.5,651.66,659.32,1810749
2015-08-14,657.12,USD,659.86,652.66,655.01,1072061
2015-08-17,660.87,USD,661.38,651.24,656.8,1051699
2015-08-18,656.13,USD,664.0,653.46,661.9,1456059
2015-08-19,660.9,USD,667.0,654.19,656.6,2134098
2015-08-20,646.83,USD,662.99,642.9,655.46,2855299
2015-08-21,612.48,USD,640.05,612.33,639.78,4265183
2015-08-24,589.61,USD,614.0,565.05,573.0,5770302
2015-08-25,582.06,USD,617.45,581.11,614.91,3537966
2015-08-26,628.62,USD,631.71,599.05,610.35,4235891
2015-08-27,637.61,USD,643.59,622.0,639.4,3491336
2015-08-28,630.38,USD,636.88,624.56,632.82,1978733
2015-08-31,618.25,USD,635.8,617.68,627.54,2176737
2015-09-01,597.79,USD,612.86,594.1,602.36,3702105
2015-09-02,614.34,USD,614.34,599.71,605.59,2575620
2015-09-03,606.25,USD,619.71,602.82,617.0,1759572
2015-09-04,600.7,USD,603.47,595.25,600.0,2089453
2015-09-08,614.66,USD,616.31,604.12,612.49,2279538
2015-09-09,612.72,USD,626.52,609.6,621.22,1702094
2015-09-10,621.35,USD,624.16,611.43,613.1,1905276
2015-09-11,625.77,USD,625.78,617.42,619.75,1373545
2015-09-14,623.24,USD,625.86,619.43,625.7,1702271
2015-09-15,635.14,USD,638.7,623.78,626.7,2084397
2015-09-16,635.98,USD,637.95,632.32,635.47,1286454
2015-09-17,642.9,USD,650.9,635.02,637.79,2274690
2015-09-18,629.25,USD,640.0,627.02,636.79,5133386
2015-09-21,635.44,USD,636.49,625.94,634.4,1788506
2015-09-22,622.69,USD,627.55,615.43,627.0,2562869
2015-09-23,622.36,USD,628.93,620.0,622.05,1470949
2015-09-24,625.8,USD,627.32,612.4,616.64,2240098
2015-09-25,611.97,USD,629.77,611.0,629.77,2174009
2015-09-28,594.89,USD,614.61,589.38,610.34,3127667
2015-09-29,594.97,USD,605.0,590.22,597.28,2310284
2015-09-30,608.42,USD,608.76,600.73,603.28,2413441
2015-10-01,611.29,USD,612.09,599.85,608.37,1867601
2015-10-02,626.91,USD,627.34,603.13,607.2,2684805
2015-10-05,641.47,USD,643.01,627.0,632.0,1803643
2015-10-06,645.44,USD,649.25,636.53,638.84,2236847
2015-10-07,642.36,USD,650.61,632.15,649.24,2092714
2015-10-08,639.16,USD,644.45,625.56,641.36,2182081
2015-10-09,643.61,USD,645.99,635.32,640.0,1648736
2015-10-12,646.67,USD,648.5,639.01,642.09,1276134
2015-10-13,652.3,USD,657.81,643.15,643.15,1807685
2015-10-14,651.16,USD,659.39,648.85,653.21,1415468
2015-10-15,661.74,USD,663.13,654.46,654.66,1885737
2015-10-16,662.2,USD,664.97,657.2,664.11,1611128
2015-10-19,666.1,USD,666.82,659.58,661.18,1477340
2015-10-20,650.28,USD,664.72,644.2,664.04,2498215
2015-10-21,642.61,USD,655.87,641.73,654.15,1794172
2015-10-22,651.79,USD,657.8,644.01,646.7,4070954
2015-10-23,702.0,USD,730.0,701.5,727.5,6653923
2015-10-26,712.78,USD,719.15,701.26,701.55,2716615
2015-10-27,708.49,USD,713.62,704.55,707.38,2245796
2015-10-28,712.95,USD,712.98,703.08,707.33,2178917
2015-10-29,716.92,USD,718.26,710.01,710.5,1455965
2015-10-30,710.81,USD,718.0,710.05,715.73,1908774
2015-11-02,721.11,USD,721.62,705.85,711.06,1886250
2015-11-03,722.16,USD,724.65,714.72,718.86,1565379
2015-11-04,728.11,USD,733.1,721.9,722.0,1706700
2015-11-05,731.25,USD,739.48,729.47,729.47,1861550
2015-11-06,733.76,USD,735.41,727.01,731.5,1511599
2015-11-09,724.89,USD,734.71,719.43,730.2,2069807
2015-11-10,728.32,USD,730.59,718.5,724.4,1607994
2015-11-11,735.4,USD,741.0,730.23,732.46,1366995
2015-11-12,731.23,USD,737.8,728.64,731.0,1837154
2015-11-13,717.0,USD,731.15,716.73,729.17,2075504
2015-11-16,728.96,USD,729.49,711.33,715.6,1905893
2015-11-17,725.3,USD,731.85,723.03,729.29,1510903
2015-11-18,740.0,USD,741.41,727.0,727.58,1684259
2015-11-19,738.41,USD,742.0,737.43,738.74,1327879
2015-11-20,756.6,USD,757.92,743.0,746.53,2213284
2015-11-23,755.98,USD,762.71,751.82,757.45,1415385
2015-11-24,748.28,USD,755.28,737.63,752.0,2334197
2015-11-25,748.15,USD,752.0,746.06,748.14,1122224
2015-11-27,750.26,USD,753.41,747.49,748.46,838528
2015-11-30,742.6,USD,754.93,741.27,748.81,2097624
2015-12-01,767.04,USD,768.95,746.7,747.11,2134621
2015-12-02,762.38,USD,775.96,758.96,768.9,2230373
2015-12-03,752.54,USD,769.0,745.63,766.01,2590641
2015-12-04,766.81,USD,768.49,750.0,753.1,2757283
2015-12-07,763.25,USD,768.73,755.09,767.77,1812314
2015-12-08,762.37,USD,764.8,754.2,757.89,1829475
2015-12-09,751.61,USD,764.23,737.0,759.17,2699990
2015-12-10,749.46,USD,755.85,743.83,752.85,1988380
2015-12-11,738.87,USD,745.71,736.75,741.16,2224410
2015-12-14,747.77,USD,748.73,724.17,741.79,2421236
2015-12-15,743.4,USD,758.08,743.01,753.0,2666229
2015-12-16,758.09,USD,760.59,739.43,750.0,1993251
2015-12-17,749.43,USD,762.68,749.0,762.42,1553418
2015-12-18,739.31,USD,754.13,738.15,746.51,3148743
2015-12-21,747.77,USD,750.0,740.0,746.13,1525703
2015-12-22,750.0,USD,754.85,745.53,751.65,1365520
2015-12-23,750.31,USD,754.21,744.0,753.47,1566726
2015-12-24,748.4,USD,751.35,746.62,749.55,527223
2015-12-28,762.51,USD,762.99,749.52,752.92,1515716
2015-12-29,776.6,USD,779.98,766.43,766.69,1765012
2015-12-30,771.0,USD,777.6,766.9,776.6,1293521
2015-12-31,758.88,USD,769.5,758.34,769.5,1500923
2016-01-04,741.84,USD,744.06,731.26,743.0,3272776
2016-01-05,742.58,USD,752.0,738.64,746.45,1950691
2016-01-06,743.62,USD,747.18,728.92,730.0,1947034
2016-01-07,726.39,USD,738.5,719.06,730.31,2963741
2016-01-08,714.47,USD,733.23,713.0,731.45,2450857
2016-01-11,716.03,USD,718.86,703.54,716.61,2090621
2016-01-12,726.07,USD,728.75,717.32,721.68,2024509
2016-01-13,700.56,USD,734.74,698.61,730.85,2501730
2016-01-14,714.72,USD,721.92,689.1,705.38,2225768
2016-01-15,694.45,USD,706.74,685.37,692.29,3608109
2016-01-19,701.79,USD,709.98,693.41,703.3,2268078
2016-01-20,698.45,USD,706.85,673.26,688.61,3444962
2016-01-21,706.59,USD,719.19,694.46,702.18,2412211
2016-01-22,725.25,USD,728.13,720.12,723.6,2011797
2016-01-25,711.67,USD,729.68,710.01,723.58,1711716
2016-01-26,713.04,USD,718.28,706.48,713.85,1331691
2016-01-27,699.99,USD,718.24,694.39,713.67,2194227
2016-01-28,730.96,USD,733.69,712.35,722.22,2676397
2016-01-29,742.95,USD,744.99,726.8,731.53,3474319
2016-02-01,752.0,USD,757.86,743.27,750.46,5139157
2016-02-02,764.65,USD,789.87,764.65,784.5,6348126
2016-02-03,726.95,USD,774.5,720.5,770.22,6171019
2016-02-04,708.01,USD,727.0,701.86,722.81,5168709
2016-02-05,683.57,USD,703.99,680.15,703.87,5105725
2016-02-08,682.74,USD,684.03,663.06,667.85,4247355
2016-02-09,678.11,USD,699.9,668.77,672.32,3608914
2016-02-10,684.12,USD,701.31,682.13,686.86,2638007
2016-02-11,683.11,USD,689.35,668.87,675.0,3024043
2016-02-12,682.4,USD,693.75,678.6,690.26,2141373
2016-02-16,691.0,USD,698.0,685.05,692.98,2520021
2016-02-17,708.4,USD,709.75,691.38,699.0,2492634
2016-02-18,697.35,USD,712.35,696.03,710.0,1883248
2016-02-19,700.91,USD,703.08,694.05,695.03,1589281
2016-02-22,706.46,USD,713.24,702.51,707.45,1949816
2016-02-23,695.85,USD,708.4,693.58,701.45,2009280
2016-02-24,699.56,USD,700.0,680.78,688.92,1963573
2016-02-25,705.75,USD,705.98,690.59,700.01,1642166
2016-02-26,705.07,USD,713.43,700.86,708.58,2243522
2016-02-27,704.31,USD,704.31,704.3,704.3,2059766
2016-02-29,697.77,USD,710.89,697.68,700.32,2481145
2016-03-01,718.81,USD,718.81,699.77,703.62,2151419
2016-03-02,718.85,USD,720.0,712.0,719.0,1629003
2016-03-03,712.42,USD,719.45,706.02,718.68,1957974
2016-03-04,710.89,USD,716.49,706.02,714.99,1972077
2016-03-07,695.16,USD,708.09,686.9,706.9,2988026
2016-03-08,693.97,USD,703.79,685.34,688.59,2076331
2016-03-09,705.24,USD,705.68,694.0,698.47,1421515
2016-03-10,712.82,USD,716.44,703.36,708.12,2833525
2016-03-11,726.82,USD,726.92,717.12,720.0,1970815
2016-03-14,730.49,USD,735.5,725.15,726.81,1718252
2016-03-15,728.33,USD,732.29,724.77,726.92,1720965
2016-03-16,736.09,USD,737.47,724.51,726.37,1624370
2016-03-17,737.78,USD,743.07,736.0,736.45,1860834
2016-03-18,737.6,USD,742.0,731.83,741.86,2980709
2016-03-21,742.09,USD,742.5,733.52,736.5,1836503
2016-03-22,740.75,USD,745.0,737.46,737.46,1269749
2016-03-23,738.06,USD,745.72,736.15,742.36,1432099
2016-03-24,735.3,USD,737.75,731.0,732.01,1594891
2016-03-28,733.53,USD,738.99,732.5,736.79,1301327
2016-03-29,744.77,USD,747.25,728.76,734.59,1903758
2016-03-30,750.53,USD,757.88,748.74,750.1,1782427
2016-03-31,744.95,USD,750.85,740.94,749.25,1718798
2016-04-01,749.91,USD,750.34,737.0,738.6,1576745
2016-04-04,745.29,USD,752.8,742.43,750.06,1134390
2016-04-05,737.8,USD,742.8,735.37,738.0,1132294
2016-04-06,745.69,USD,746.24,735.56,735.77,1053713
2016-04-07,740.28,USD,747.0,736.28,745.37,1453185
2016-04-08,739.15,USD,745.45,735.55,743.97,1290790
2016-04-11,736.1,USD,745.0,736.05,743.02,1220090
2016-04-12,743.09,USD,743.83,731.01,738.0,1352990
2016-04-13,751.72,USD,754.38,744.26,749.16,1707640
2016-04-14,753.2,USD,757.31,752.71,754.01,1135270
2016-04-15,759.0,USD,761.0,752.69,753.98,1809330
2016-04-18,766.61,USD,768.05,757.3,760.46,1558850
2016-04-19,753.93,USD,769.9,749.33,769.51,2030530
2016-04-20,752.67,USD,758.13,750.01,758.0,1529220
2016-04-21,759.14,USD,760.45,749.55,755.38,3060490
2016-04-22,718.77,USD,736.12,713.61,726.3,5951940
2016-04-25,723.15,USD,723.93,715.59,716.1,1959180
2016-04-26,708.14,USD,725.77,703.03,725.42,2744590
2016-04-27,705.84,USD,708.98,692.37,707.29,3098590
2016-04-28,691.02,USD,714.17,689.55,708.26,2867260
2016-04-29,693.01,USD,697.62,689.0,690.7,2487670
2016-05-02,698.21,USD,700.64,691.0,697.63,1645270
2016-05-03,692.36,USD,697.84,692.0,696.87,1543790
2016-05-04,695.7,USD,699.75,689.01,690.49,1693530
2016-05-05,701.43,USD,702.32,695.72,697.7,1683510
2016-05-06,711.12,USD,711.86,698.11,698.38,1829290
2016-05-09,712.9,USD,718.71,710.0,712.0,1510290
2016-05-10,723.18,USD,723.5,715.72,716.75,1569590
2016-05-11,715.29,USD,724.48,712.8,723.41,1692060
2016-05-12,713.31,USD,719.25,709.0,717.06,1361330
2016-05-13,710.83,USD,716.66,709.26,711.93,1314500
2016-05-16,716.49,USD,718.48,705.65,709.13,1317070
2016-05-17,706.23,USD,721.52,704.11,715.99,2001230
2016-05-18,706.63,USD,711.6,700.63,703.67,1766840
2016-05-19,700.32,USD,706.0,696.8,702.36,1670230
2016-05-20,709.74,USD,714.58,700.52,701.62,1828390
2016-05-23,704.24,USD,711.48,704.18,706.53,1330690
2016-05-24,720.09,USD,720.97,706.86,706.86,1929470
2016-05-25,725.27,USD,727.51,719.7,720.76,1632560
2016-05-26,724.12,USD,728.33,720.28,722.87,1576290
2016-05-27,732.66,USD,733.94,724.0,724.01,1974960
2016-05-31,735.72,USD,739.73,731.26,731.74,2129550
2016-06-01,734.15,USD,737.21,730.66,734.53,1253590
2016-06-02,730.4,USD,733.02,724.17,732.5,1341810
2016-06-03,722.34,USD,729.49,720.56,729.27,1226250
2016-06-06,716.55,USD,724.91,714.61,724.91,1566060
2016-06-07,716.65,USD,721.98,716.55,719.84,1336750
2016-06-08,728.28,USD,728.57,720.58,723.96,1583700
2016-06-09,728.58,USD,729.54,722.34,722.87,988910
2016-06-10,719.41,USD,725.89,716.43,719.47,1216440
2016-06-13,718.36,USD,725.44,716.51,716.51,1258930
2016-06-14,718.27,USD,722.47,713.12,716.48,1306070
2016-06-15,718.92,USD,722.98,717.31,719.0,1214520
2016-06-16,710.36,USD,716.65,703.26,714.91,1982470
2016-06-17,691.72,USD,708.82,688.45,708.65,3402360
2016-06-20,693.71,USD,702.48,693.41,698.77,2082540
2016-06-21,695.94,USD,702.77,692.01,698.4,1465630
2016-06-22,697.46,USD,700.86,693.08,699.06,1184320
2016-06-23,701.87,USD,701.95,687.0,697.45,2171420
2016-06-24,675.22,USD,689.4,673.45,675.17,4449020
2016-06-27,668.26,USD,672.3,663.28,671.0,2641090
2016-06-28,680.04,USD,680.33,673.0,678.97,2173760
2016-06-29,684.11,USD,687.43,681.41,683.0,1932560
2016-06-30,692.1,USD,692.32,683.65,685.47,1597710
2016-07-01,699.21,USD,700.65,692.13,692.2,1344710
2016-07-05,694.49,USD,696.94,688.88,696.06,1462620
2016-07-06,697.77,USD,701.68,689.09,689.98,1411930
2016-07-07,695.36,USD,698.2,688.22,698.08,1304200
2016-07-08,705.63,USD,705.71,696.43,699.5,1575170
2016-07-11,715.09,USD,716.51,707.24,708.05,1111760
2016-07-12,720.64,USD,722.94,715.91,719.12,1336920
2016-07-13,716.98,USD,724.0,716.85,723.62,935880
2016-07-14,720.95,USD,722.21,718.03,721.58,950190
2016-07-15,719.85,USD,725.74,719.05,725.73,1279340
2016-07-18,733.78,USD,736.13,721.19,722.71,1295480
2016-07-19,736.96,USD,736.99,729.0,729.89,1227490
2016-07-20,741.19,USD,742.13,737.1,737.33,1289670
2016-07-21,738.63,USD,741.69,735.83,740.36,1026310
2016-07-22,742.74,USD,743.24,736.56,741.86,1259820
2016-07-25,739.77,USD,742.61,737.5,740.67,1032430
2016-07-26,738.42,USD,741.69,734.27,739.04,1186740
2016-07-27,741.77,USD,744.46,737.0,738.28,1512520
2016-07-28,745.91,USD,748.65,739.3,747.04,3530170
2016-07-29,768.79,USD,778.55,766.77,772.71,3841480
2016-08-01,772.88,USD,780.43,761.09,761.09,2700470
2016-08-02,771.07,USD,775.84,767.85,768.69,1784530
2016-08-03,773.18,USD,773.21,766.82,767.18,1287420
2016-08-04,771.61,USD,774.07,768.79,772.22,1140250
2016-08-05,782.22,USD,783.04,772.34,773.78,1801210
2016-08-08,781.76,USD,782.63,778.09,782.0,1107860
2016-08-09,784.26,USD,788.94,780.57,781.1,1318890
2016-08-10,784.68,USD,786.81,782.78,783.75,786360
2016-08-11,784.85,USD,789.75,782.97,785.0,975110
2016-08-12,783.22,USD,783.39,780.4,781.5,740500
2016-08-15,782.44,USD,787.49,780.11,783.75,938190
2016-08-16,777.14,USD,780.98,773.44,780.3,1028050
2016-08-17,779.91,USD,780.81,773.53,777.32,924230
2016-08-18,777.5,USD,782.86,777.0,780.01,719430
2016-08-19,775.42,USD,777.1,773.13,775.0,861550
2016-08-22,772.15,USD,774.54,770.05,773.27,951360
2016-08-23,772.08,USD,776.44,771.78,775.48,928230
2016-08-24,769.64,USD,774.5,767.07,770.58,1072000
2016-08-25,769.41,USD,771.89,763.18,767.0,926880
2016-08-26,769.54,USD,776.08,765.85,769.0,1166680
2016-08-29,772.15,USD,774.99,766.62,768.74,847570
2016-08-30,769.09,USD,774.47,766.84,769.33,1130030
2016-08-31,767.05,USD,769.09,765.38,767.01,1248560
2016-09-01,768.78,USD,771.02,764.3,769.25,925130
2016-09-02,771.46,USD,773.92,768.41,773.01,1072660
2016-09-06,780.08,USD,782.0,771.0,773.45,1442820
2016-09-07,780.35,USD,782.73,776.2,780.0,894020
2016-09-08,775.32,USD,780.35,773.58,778.59,1270260
2016-09-09,759.66,USD,773.25,759.66,770.1,1885500
2016-09-12,769.02,USD,770.29,754.0,755.13,1310990
2016-09-13,759.69,USD,766.22,755.8,764.48,1395050
2016-09-14,762.49,USD,767.68,759.11,759.61,1094490
2016-09-15,771.76,USD,773.8,759.96,762.89,1346750
2016-09-16,768.88,USD,769.75,764.66,769.75,2049340
2016-09-19,765.7,USD,774.0,764.44,772.42,1172820
2016-09-20,771.41,USD,773.33,768.53,769.0,978630
2016-09-21,776.22,USD,777.16,768.3,772.66,1167810
2016-09-22,787.21,USD,789.85,778.44,780.0,1486220
2016-09-23,786.9,USD,788.93,784.15,786.59,1411940
2016-09-26,774.21,USD,782.74,773.07,782.74,1533210
2016-09-27,783.01,USD,785.99,774.31,775.5,1153250
2016-09-28,781.56,USD,781.81,774.97,777.85,1109830
2016-09-29,775.01,USD,785.8,774.23,781.44,1314750
2016-09-30,777.29,USD,780.94,774.09,776.33,1585330
2016-10-03,772.56,USD,776.07,769.5,774.25,1278820
2016-10-04,776.43,USD,778.71,772.89,776.03,1201350
2016-10-05,776.47,USD,782.07,775.65,779.31,1461150
2016-10-06,776.86,USD,780.48,775.54,779.0,1070690
2016-10-07,775.08,USD,779.66,770.75,779.66,933160
2016-10-10,785.94,USD,789.38,775.87,777.71,1174920
2016-10-11,783.07,USD,792.28,780.58,786.66,1372460
2016-10-12,786.14,USD,788.13,782.06,783.76,937440
2016-10-13,778.19,USD,781.22,773.0,781.22,1365280
2016-10-14,778.53,USD,783.95,776.0,781.65,852490
2016-10-17,779.96,USD,785.85,777.5,779.8,1092970
2016-10-18,795.26,USD,801.61,785.57,787.85,2056900
2016-10-19,801.56,USD,804.63,797.63,798.86,1766800
2016-10-20,796.97,USD,803.97,796.03,803.3,1757530
2016-10-21,799.37,USD,799.5,794.0,795.0,1266180
2016-10-24,813.11,USD,815.18,804.82,804.9,1697510
2016-10-25,807.67,USD,816.68,805.14,816.68,1576400
2016-10-26,799.07,USD,806.98,796.32,806.34,1647730
2016-10-27,795.35,USD,803.49,791.5,801.0,2749220
2016-10-28,795.37,USD,815.49,793.59,808.35,4269900
2016-10-31,784.54,USD,796.86,784.0,795.47,2427280
2016-11-01,783.61,USD,789.49,775.54,782.89,2406360
2016-11-02,768.7,USD,781.65,763.45,778.2,1918410
2016-11-03,762.13,USD,769.95,759.03,767.25,1943180
2016-11-04,762.02,USD,770.36,750.56,750.66,2134810
2016-11-07,782.52,USD,785.19,772.55,774.5,1585070
2016-11-08,790.51,USD,795.63,780.19,783.4,1366870
2016-11-09,785.31,USD,791.23,771.67,779.94,2607120
2016-11-10,762.56,USD,791.17,752.18,791.17,4745180
2016-11-11,754.02,USD,760.78,750.38,756.54,2431820
2016-11-14,736.08,USD,757.85,727.54,755.6,3654390
2016-11-15,758.49,USD,764.42,746.97,746.97,2384000
2016-11-16,764.48,USD,766.36,750.51,755.2,1472590
2016-11-17,771.23,USD,772.7,764.23,766.92,1304050
2016-11-18,760.54,USD,775.0,760.0,771.37,1547150
2016-11-21,769.2,USD,769.7,760.6,762.61,1330640
2016-11-22,768.27,USD,776.96,767.0,772.63,1593110
2016-11-23,760.99,USD,768.28,755.25,767.73,1478420
2016-11-25,761.68,USD,765.0,760.52,764.26,587420
2016-11-28,768.24,USD,779.53,759.8,760.0,2188150
2016-11-29,770.84,USD,778.5,768.24,771.53,1616620
2016-11-30,758.04,USD,772.99,754.83,770.07,2392890
2016-12-01,747.92,USD,759.85,737.02,757.44,3017950
2016-12-02,750.5,USD,754.0,743.1,744.59,1452480
2016-12-05,762.52,USD,763.9,752.9,757.71,1394220
2016-12-06,759.11,USD,768.83,757.34,764.73,1690690
2016-12-07,771.19,USD,771.36,755.8,761.0,1760970
2016-12-08,776.42,USD,778.18,767.23,772.48,1488060
2016-12-09,789.29,USD,789.43,779.02,780.0,1821910
2016-12-12,789.27,USD,791.25,784.36,785.04,2104120
2016-12-13,796.1,USD,804.38,793.34,793.9,2145210
2016-12-14,797.07,USD,804.0,794.01,797.4,1704150
2016-12-15,797.85,USD,803.0,792.92,797.34,1626500
2016-12-16,790.8,USD,800.86,790.29,800.4,2443800
2016-12-19,794.2,USD,797.66,786.27,790.22,1232090
2016-12-20,796.42,USD,798.65,793.27,796.76,951010
2016-12-21,794.56,USD,796.68,787.1,795.84,1211350
2016-12-22,791.26,USD,793.32,788.58,792.36,972170
2016-12-23,789.91,USD,792.74,787.28,790.9,623940
2016-12-27,791.55,USD,797.86,787.66,790.68,789320
2016-12-28,785.05,USD,794.23,783.2,793.7,1153820
2016-12-29,782.79,USD,785.93,778.92,783.33,744270
2016-12-30,771.82,USD,782.78,770.41,782.75,1769950
2017-01-03,786.14,USD,789.63,775.8,778.81,1657270
2017-01-04,786.9,USD,791.34,783.16,788.36,1072960
2017-01-05,794.02,USD,794.48,785.02,786.08,1335170
2017-01-06,806.15,USD,807.9,792.2,795.26,1640170
2017-01-09,806.65,USD,809.97,802.83,806.4,1274650
2017-01-10,804.79,USD,809.13,803.51,807.86,1176780
2017-01-11,807.91,USD,808.15,801.37,805.0,1065940
2017-01-12,806.36,USD,807.39,799.17,807.14,1353060
2017-01-13,807.88,USD,811.22,806.69,807.48,1099220
2017-01-17,804.61,USD,807.14,800.37,807.08,1362120
2017-01-18,806.07,USD,806.21,800.99,805.81,1294410
2017-01-19,802.17,USD,809.48,801.8,805.12,919330
2017-01-20,805.02,USD,806.91,801.69,806.91,1670050
2017-01-23,819.31,USD,820.87,803.74,807.25,1963630
2017-01-24,823.87,USD,825.9,817.82,822.3,1474010
2017-01-25,835.67,USD,835.77,825.06,829.62,1627300
2017-01-26,832.15,USD,838.0,827.01,837.81,2973890
2017-01-27,823.31,USD,841.95,820.44,834.71,2965770
2017-01-30,802.32,USD,815.84,799.8,814.66,3246570
2017-01-31,796.79,USD,801.25,790.52,796.86,2160560
2017-02-01,795.7,USD,801.19,791.19,799.68,2029740
2017-02-02,798.53,USD,802.7,792.0,793.8,1532140
2017-02-03,801.49,USD,806.0,800.37,802.99,1463450
2017-02-06,801.34,USD,801.67,795.25,799.7,1184480
2017-02-07,806.97,USD,810.5,801.78,803.99,1241220
2017-02-08,808.38,USD,811.84,803.19,807.0,1155990
2017-02-09,809.56,USD,810.66,804.54,809.51,990390
2017-02-10,813.67,USD,815.25,809.78,811.7,1134980
2017-02-13,819.24,USD,820.96,815.49,816.0,1213320
2017-02-14,820.45,USD,823.0,816.0,819.0,1054730
2017-02-15,818.98,USD,823.0,818.47,819.36,1313620
2017-02-16,824.16,USD,824.4,818.98,819.93,1287630
2017-02-17,828.07,USD,828.07,821.65,823.02,1611040
2017-02-21,831.66,USD,833.45,828.35,828.66,1262340
2017-02-22,830.76,USD,833.25,828.64,828.66,987250
2017-02-23,831.33,USD,832.46,822.88,830.12,1472770
2017-02-24,828.64,USD,829.0,824.2,827.73,1392200
2017-02-27,829.28,USD,830.5,824.0,824.55,1101470
2017-02-28,823.21,USD,828.54,820.2,825.61,2260770
2017-03-01,835.24,USD,836.25,827.26,828.85,1496540
2017-03-02,830.63,USD,834.51,829.64,833.85,942480
2017-03-03,829.08,USD,831.36,825.75,830.56,896380
2017-03-06,827.78,USD,828.88,822.4,826.95,1109040
2017-03-07,831.91,USD,833.41,826.52,827.4,1037630
2017-03-08,835.37,USD,838.15,831.79,833.51,989770
2017-03-09,838.68,USD,842.0,834.21,836.0,1261520
2017-03-10,843.25,USD,844.91,839.5,843.28,1704020
2017-03-13,845.54,USD,848.68,843.25,844.0,1223650
2017-03-14,845.62,USD,847.24,840.8,843.64,780200
2017-03-15,847.2,USD,848.63,840.77,847.59,1381470
2017-03-16,848.78,USD,850.85,846.13,849.03,977560
2017-03-17,852.12,USD,853.4,847.11,851.61,1716470
2017-03-20,848.4,USD,850.22,845.15,850.01,1231520
2017-03-21,830.46,USD,853.5,829.02,851.4,2463480
2017-03-22,829.59,USD,835.55,827.18,831.91,1401470
2017-03-23,817.58,USD,822.57,812.26,821.0,3487060
2017-03-24,814.43,USD,821.93,808.89,820.08,1981010
2017-03-27,819.51,USD,821.63,803.37,806.95,1894990
2017-03-28,820.92,USD,825.99,814.03,820.41,1620540
2017-03-29,831.41,USD,832.76,822.38,825.0,1786320
2017-03-30,831.5,USD,833.68,829.0,833.5,1055340
2017-03-31,829.56,USD,831.64,827.39,828.97,1401890
2017-04-03,838.55,USD,840.85,829.22,829.22,1671500
2017-04-04,834.57,USD,835.18,829.04,831.36,1045360
2017-04-05,831.41,USD,842.45,830.72,835.51,1555330
2017-04-06,827.88,USD,836.39,826.46,832.4,1254430
2017-04-07,824.67,USD,828.49,820.51,827.96,1057250
2017-04-10,824.73,USD,829.35,823.77,825.39,978910
2017-04-11,823.35,USD,827.43,817.02,824.71,1079730
2017-04-12,824.32,USD,826.66,821.02,821.93,900480
2017-04-13,823.56,USD,826.38,821.44,822.14,1122360
2017-04-17,837.17,USD,837.75,824.47,825.01,895020
2017-04-18,836.82,USD,838.93,832.71,834.22,836720
2017-04-19,838.21,USD,842.22,836.29,839.79,954330
2017-04-20,841.65,USD,845.2,839.32,841.44,959030
2017-04-21,843.19,USD,843.88,840.6,842.88,1323580
2017-04-24,862.76,USD,863.45,849.86,851.2,1372540
2017-04-25,872.3,USD,875.0,862.81,865.0,1671970
2017-04-26,871.73,USD,876.05,867.75,874.23,1237170
2017-04-27,874.25,USD,875.4,870.38,873.6,2026820
2017-04-28,905.96,USD,916.85,905.77,910.66,3276260
2017-05-01,912.57,USD,915.68,901.45,901.94,2115990
2017-05-02,916.44,USD,920.77,909.45,909.62,1587220
2017-05-03,927.04,USD,928.1,912.54,914.86,1499530
2017-05-04,931.66,USD,935.93,924.59,926.07,1422140
2017-05-05,927.13,USD,934.9,925.2,933.54,1911280
2017-05-08,934.3,USD,936.92,925.26,926.12,1329830
2017-05-09,932.17,USD,937.5,929.53,936.95,1581810
2017-05-10,928.78,USD,932.0,925.16,931.98,1173930
2017-05-11,930.6,USD,932.53,923.03,925.32,835390
2017-05-12,932.22,USD,933.44,927.85,931.53,1050600
2017-05-15,937.08,USD,938.25,929.34,932.95,1108500
2017-05-16,943.0,USD,943.11,937.58,940.0,969480
2017-05-17,919.62,USD,939.33,918.14,935.67,2362070
2017-05-18,930.24,USD,933.17,918.75,921.0,1596900
2017-05-19,934.01,USD,937.75,931.0,931.47,1393020
2017-05-22,941.86,USD,941.88,935.0,935.0,1120390
2017-05-23,948.82,USD,951.47,942.58,947.92,1270820
2017-05-24,954.96,USD,955.09,949.5,952.98,1034200
2017-05-25,969.54,USD,972.63,955.47,957.33,1660470
2017-05-26,971.47,USD,974.98,965.03,969.7,1252010
2017-05-30,975.88,USD,976.2,969.49,970.31,1466650
2017-05-31,964.86,USD,979.27,960.18,975.02,2448070
2017-06-01,966.95,USD,971.5,960.01,968.95,1410460
2017-06-02,975.6,USD,975.88,966.0,969.46,1750960
2017-06-05,983.68,USD,986.91,975.1,976.55,1252110
2017-06-06,976.57,USD,988.25,975.14,983.16,1814620
2017-06-07,981.08,USD,984.15,975.77,979.65,1453870
2017-06-08,983.41,USD,984.57,977.2,982.35,1481920
2017-06-09,949.83,USD,984.5,935.63,984.5,3309390
2017-06-12,942.9,USD,949.36,915.23,939.56,3763530
2017-06-13,953.4,USD,959.98,944.09,951.91,2013340
2017-06-14,950.76,USD,961.15,942.25,959.92,1489720
2017-06-15,942.31,USD,943.34,924.44,933.97,2133050
2017-06-16,939.78,USD,942.04,931.6,940.0,3094710
2017-06-19,957.37,USD,959.99,949.05,949.96,1533340
2017-06-20,950.63,USD,961.62,950.01,957.52,1125990
2017-06-21,959.45,USD,960.1,950.76,953.64,1202230
2017-06-22,957.09,USD,960.72,954.55,958.7,941960
2017-06-23,965.59,USD,966.0,954.2,956.83,1527860
2017-06-26,952.27,USD,973.31,950.79,969.9,1598360
2017-06-27,927.33,USD,948.29,926.85,942.46,2579930
2017-06-28,940.49,USD,942.75,916.0,929.0,2721410
2017-06-29,917.79,USD,931.26,910.62,929.92,3299180
2017-06-30,908.73,USD,926.05,908.31,926.05,2090230
2017-07-03,898.7,USD,913.94,894.79,912.18,1710370
2017-07-05,911.71,USD,914.51,898.5,901.76,1813880
2017-07-06,906.69,USD,914.94,899.7,904.12,1424500
2017-07-07,918.59,USD,921.54,908.85,908.85,1637790
2017-07-10,928.8,USD,930.38,919.59,921.77,1192830
2017-07-11,930.09,USD,931.43,922.0,929.54,1113240
2017-07-12,943.83,USD,946.3,934.47,938.68,1532140
2017-07-13,947.16,USD,954.45,943.01,946.29,1294690
2017-07-14,955.99,USD,956.91,948.0,952.0,1053770
2017-07-17,953.42,USD,960.74,949.24,957.0,1165540
2017-07-18,965.4,USD,968.04,950.6,953.0,1153960
2017-07-19,970.89,USD,973.04,964.03,967.84,1224540
2017-07-20,968.15,USD,975.9,961.51,975.0,1624460
2017-07-21,972.92,USD,973.23,960.15,962.25,1711000
2017-07-24,980.34,USD,986.2,970.77,972.22,3248350
2017-07-25,950.7,USD,959.7,945.4,953.81,4660980
2017-07-26,947.8,USD,955.0,942.28,954.68,2088260
2017-07-27,934.09,USD,951.78,920.0,951.78,3213000
2017-07-28,941.53,USD,943.83,927.5,929.4,1846350
2017-07-31,930.5,USD,943.59,926.04,941.89,1970100
2017-08-01,930.83,USD,937.45,929.26,932.38,1277730
2017-08-02,930.39,USD,932.6,916.68,928.61,1824450
2017-08-03,923.65,USD,932.24,922.24,930.34,1202510
2017-08-04,927.96,USD,930.31,923.03,926.75,1082270
2017-08-07,929.36,USD,931.7,926.5,929.06,1032240
2017-08-08,926.79,USD,935.81,925.61,927.09,1061580
2017-08-09,922.9,USD,925.98,917.25,920.61,1192080
2017-08-10,907.24,USD,919.26,906.13,917.55,1823970
2017-08-11,914.39,USD,917.78,905.58,907.97,1206780
2017-08-14,922.67,USD,924.67,918.19,922.53,1064530
2017-08-15,922.22,USD,926.55,919.82,924.23,883370
2017-08-16,926.96,USD,932.7,923.45,925.29,1006710
2017-08-17,910.98,USD,926.86,910.98,925.78,1277240
2017-08-18,910.67,USD,915.27,907.15,910.31,1342690
2017-08-21,906.66,USD,913.0,903.4,910.0,943440
2017-08-22,924.69,USD,925.86,911.48,912.72,1166737
2017-08-23,927.0,USD,929.93,919.36,921.93,1090248
2017-08-24,921.28,USD,930.84,915.5,928.66,1270306
2017-08-25,915.89,USD,925.55,915.5,923.49,1053376
2017-08-28,913.81,USD,919.25,911.87,916.0,1086484
2017-08-29,921.29,USD,923.33,905.0,905.1,1185564
2017-08-30,929.57,USD,930.82,919.65,920.05,1301225
2017-08-31,939.33,USD,941.98,931.76,931.76,1582579
2017-09-01,937.34,USD,942.48,935.15,941.13,947374
2017-09-05,928.45,USD,937.0,921.96,933.08,1348292
2017-09-06,927.81,USD,930.91,919.27,930.15,1527650
2017-09-07,935.95,USD,936.41,923.62,931.73,1212743
2017-09-08,926.5,USD,936.99,924.88,936.49,1011538
2017-09-11,929.08,USD,938.38,926.92,934.25,1266991
2017-09-12,932.07,USD,933.48,923.86,932.59,1134397
2017-09-13,935.09,USD,937.25,929.86,930.66,1102631
2017-09-14,925.11,USD,932.77,924.0,931.25,1397644
2017-09-15,920.29,USD,926.49,916.36,924.66,2505430
2017-09-18,915.0,USD,922.08,910.6,920.01,1306922
2017-09-19,921.81,USD,922.42,912.55,917.42,936654
2017-09-20,931.58,USD,933.88,922.0,922.98,1669763
2017-09-21,932.45,USD,936.53,923.83,933.0,1290607
2017-09-22,928.53,USD,934.73,926.48,927.75,1052704
2017-09-25,920.97,USD,926.4,909.7,925.45,1856822
2017-09-26,924.86,USD,930.82,921.14,923.72,1666861
2017-09-27,944.49,USD,949.9,927.74,927.74,2239441
2017-09-28,949.5,USD,950.69,940.55,941.36,1020312
2017-09-29,959.11,USD,959.79,951.51,952.0,1580994
2017-10-02,953.27,USD,962.54,947.84,959.98,1283444
2017-10-03,957.79,USD,958.0,949.14,954.0,888346
2017-10-04,951.68,USD,960.39,950.69,957.0,952391
2017-10-05,969.96,USD,970.91,955.18,955.49,1213816
2017-10-06,978.89,USD,979.46,963.36,966.7,1173882
2017-10-09,977.0,USD,985.42,976.11,980.0,891355
2017-10-10,972.6,USD,981.57,966.08,980.0,968362
2017-10-11,989.25,USD,990.71,972.25,973.72,1693274
2017-10-12,987.83,USD,994.12,985.0,987.45,1262793
2017-10-13,989.68,USD,997.21,989.0,992.0,1169777
2017-10-16,992.0,USD,993.91,984.0,992.1,910543
2017-10-17,992.18,USD,996.44,988.59,990.29,1290186
2017-10-18,992.81,USD,996.72,986.97,991.77,1057581
2017-10-19,984.45,USD,988.88,978.39,986.0,1313575
2017-10-20,988.2,USD,991.0,984.58,989.44,1183186
2017-10-23,968.45,USD,989.52,966.12,989.52,1478448
2017-10-24,970.54,USD,972.23,961.0,970.0,1212153
2017-10-25,973.33,USD,976.09,960.52,968.37,1211262
2017-10-26,972.56,USD,987.6,972.2,980.0,2042149
2017-10-27,1019.27,USD,1048.39,1008.2,1009.19,5167689
2017-10-30,1017.11,USD,1024.97,1007.5,1014.0,2085062
2017-10-31,1016.64,USD,1024.0,1010.42,1015.22,1331391
2017-11-01,1025.5,USD,1029.67,1016.95,1017.21,1373444
2017-11-02,1025.58,USD,1028.09,1013.01,1021.76,1048970
2017-11-03,1032.48,USD,1032.65,1020.31,1022.11,1076350
2017-11-06,1025.9,USD,1034.87,1025.0,1028.99,1125185
2017-11-07,1033.33,USD,1033.97,1025.13,1027.27,1112331
2017-11-08,1039.85,USD,1043.52,1028.45,1030.52,1088716
2017-11-09,1031.26,USD,1033.99,1019.67,1033.99,1245246
2017-11-10,1028.07,USD,1030.76,1025.28,1026.46,720676
2017-11-13,1025.75,USD,1031.58,1022.57,1023.42,885779
2017-11-14,1026.0,USD,1026.81,1014.15,1022.59,959222
2017-11-15,1020.91,USD,1024.09,1015.42,1019.21,853992
2017-11-16,1032.5,USD,1035.92,1022.52,1022.52,1129688
2017-11-17,1019.09,USD,1034.42,1017.75,1034.01,1397064
2017-11-20,1018.38,USD,1022.61,1017.5,1020.26,953470
2017-11-21,1034.49,USD,1035.11,1022.65,1023.31,1096999
2017-11-22,1035.96,USD,1039.71,1031.43,1035.0,746878
2017-11-24,1040.61,USD,1043.18,1035.0,1035.87,536996
2017-11-27,1054.21,USD,1055.46,1038.44,1040.0,1307881
2017-11-28,1047.41,USD,1062.38,1040.0,1055.09,1424394
2017-11-29,1021.66,USD,1044.08,1015.65,1042.68,2459426
2017-11-30,1021.41,USD,1028.49,1015.0,1022.37,1724031
2017-12-01,1010.17,USD,1022.49,1002.02,1015.8,1909566
2017-12-04,998.68,USD,1016.1,995.57,1012.66,1906439
2017-12-05,1005.15,USD,1020.61,988.28,995.94,2067318
2017-12-06,1018.38,USD,1024.97,1001.14,1001.5,1271964
2017-12-07,1030.93,USD,1034.24,1018.07,1020.43,1458242
2017-12-08,1037.05,USD,1042.05,1032.52,1037.49,1290774
2017-12-11,1041.1,USD,1043.8,1032.05,1035.5,1192838
2017-12-12,1040.48,USD,1050.31,1033.69,1039.63,1279659
2017-12-13,1040.61,USD,1046.66,1038.38,1046.12,1282677
2017-12-14,1049.15,USD,1058.5,1043.11,1045.0,1558835
2017-12-15,1064.19,USD,1067.62,1049.5,1054.61,3275931
2017-12-18,1077.14,USD,1078.49,1062.0,1066.08,1554552
2017-12-19,1070.68,USD,1076.84,1063.55,1075.2,1338725
2017-12-20,1064.95,USD,1073.38,1061.52,1071.78,1268582
2017-12-21,1063.63,USD,1069.33,1061.79,1064.95,995703
2017-12-22,1060.12,USD,1064.2,1059.44,1061.11,755095
2017-12-26,1056.74,USD,1060.12,1050.2,1058.07,761237
2017-12-27,1049.37,USD,1058.37,1048.05,1057.39,1271911
2017-12-28,1048.14,USD,1054.75,1044.77,1051.6,837121
2017-12-29,1046.4,USD,1049.7,1044.9,1046.72,887511
2018-01-02,1065.0,USD,1066.94,1045.23,1048.34,1237564
2018-01-03,1082.48,USD,1086.29,1063.21,1064.31,1430170
2018-01-04,1086.4,USD,1093.57,1084.0,1088.0,1004605
2018-01-05,1102.23,USD,1104.25,1092.0,1094.0,1279123
2018-01-08,1106.94,USD,1111.27,1101.62,1102.23,1047603
2018-01-09,1106.26,USD,1110.57,1101.23,1109.4,902541
2018-01-10,1102.61,USD,1104.6,1096.11,1097.1,1042793
2018-01-11,1105.52,USD,1106.53,1099.59,1106.3,978292
2018-01-12,1122.26,USD,1124.29,1101.15,1102.41,1720533
2018-01-16,1121.76,USD,1139.91,1117.83,1132.51,1575261
2018-01-17,1131.98,USD,1132.6,1117.01,1126.22,1202639
2018-01-18,1129.79,USD,1132.51,1117.5,1131.41,1198234
2018-01-19,1137.51,USD,1137.86,1128.3,1131.83,1778229
2018-01-22,1155.81,USD,1159.88,1135.11,1137.49,1617975
2018-01-23,1169.97,USD,1171.63,1158.75,1159.85,1333056
2018-01-24,1164.24,USD,1179.86,1161.05,1177.33,1416625
2018-01-25,1170.37,USD,1175.94,1162.76,1172.53,1480540
2018-01-26,1175.84,USD,1175.84,1158.11,1175.08,2018755
2018-01-29,1175.58,USD,1186.89,1171.98,1176.48,1378913
2018-01-30,1163.69,USD,1176.52,1163.52,1167.83,1556346
2018-01-31,1169.94,USD,1173.0,1159.13,1170.57,1538688
2018-02-01,1167.7,USD,1174.0,1157.52,1162.61,2412114
2018-02-02,1111.9,USD,1123.07,1107.28,1122.0,4857943
2018-02-05,1055.8,USD,1110.0,1052.03,1090.6,3798301
2018-02-06,1080.6,USD,1081.71,1023.14,1027.18,3447956
2018-02-07,1048.58,USD,1081.78,1048.26,1081.54,2369232
2018-02-08,1001.52,USD,1058.62,1000.66,1055.41,2859136
2018-02-09,1037.78,USD,1043.97,992.56,1017.25,3505862
2018-02-12,1051.94,USD,1061.5,1040.93,1048.0,2057718
2018-02-13,1052.1,USD,1058.37,1044.09,1045.0,1265054
2018-02-14,1069.7,USD,1071.72,1046.75,1048.95,1555787
2018-02-15,1089.52,USD,1091.48,1064.34,1079.07,1843442
2018-02-16,1094.8,USD,1104.67,1088.31,1088.41,1681612
2018-02-20,1102.46,USD,1113.95,1088.52,1090.57,1423145
2018-02-21,1111.34,USD,1133.97,1106.33,1106.47,1512910
2018-02-22,1106.63,USD,1122.82,1102.59,1116.19,1317166
2018-02-23,1126.79,USD,1127.28,1104.71,1112.64,1260968
2018-02-26,1143.75,USD,1143.96,1126.69,1127.8,1559079
2018-02-27,1118.29,USD,1144.04,1118.0,1141.24,1774080
2018-02-28,1104.73,USD,1127.53,1103.24,1123.03,1882600
2018-03-01,1069.52,USD,1110.12,1067.0,1107.87,2515910
2018-03-02,1078.92,USD,1082.0,1048.12,1053.08,2271551
2018-03-05,1090.93,USD,1097.1,1069.0,1075.14,1202174
2018-03-06,1095.06,USD,1101.85,1089.78,1099.22,1532783
2018-03-07,1109.64,USD,1112.22,1085.48,1089.19,1292537
2018-03-08,1126.0,USD,1127.6,1112.8,1115.32,1355125
2018-03-09,1160.04,USD,1160.8,1132.46,1136.0,2128038
2018-03-12,1164.5,USD,1177.05,1157.42,1163.85,2172272
2018-03-13,1138.17,USD,1176.76,1133.33,1170.0,1907171
2018-03-14,1149.49,USD,1158.59,1141.44,1145.21,1291415
2018-03-15,1149.58,USD,1161.08,1134.54,1149.96,1472226
2018-03-16,1135.73,USD,1155.88,1131.96,1154.14,3091954
2018-03-19,1099.82,USD,1121.99,1089.01,1120.01,2805937
2018-03-20,1097.71,USD,1105.2,1083.46,1099.0,1831896
2018-03-21,1090.88,USD,1106.3,1085.15,1092.74,1878873
2018-03-22,1049.08,USD,1082.9,1045.91,1081.88,2666964
2018-03-23,1021.57,USD,1063.36,1021.22,1047.03,2156672
2018-03-26,1053.21,USD,1055.63,1008.4,1046.0,2665131
2018-03-27,1005.1,USD,1064.84,996.92,1063.0,3095315
2018-03-28,1004.56,USD,1024.23,980.64,998.0,3369275
2018-03-29,1031.79,USD,1043.0,1002.9,1011.63,2726830
2018-04-02,1006.47,USD,1034.8,990.37,1022.82,2680400
2018-04-03,1013.41,USD,1020.99,994.07,1013.91,2275076
2018-04-04,1025.14,USD,1028.72,993.0,993.41,2484651
2018-04-05,1027.81,USD,1042.79,1020.13,1041.33,1363049
2018-04-06,1007.04,USD,1031.42,1003.03,1020.0,1746430
2018-04-09,1015.45,USD,1039.6,1014.08,1016.8,1751559
2018-04-10,1031.64,USD,1036.28,1011.34,1026.44,2029648
2018-04-11,1019.97,USD,1031.36,1015.87,1027.99,1483881
2018-04-12,1032.51,USD,1040.69,1021.43,1025.04,1359389
2018-04-13,1029.27,USD,1046.42,1022.98,1040.88,1223017
2018-04-16,1037.98,USD,1043.24,1026.74,1037.0,1211208
2018-04-17,1074.16,USD,1077.88,1048.26,1051.37,2320266
2018-04-18,1072.08,USD,1077.43,1066.22,1077.43,1344138
2018-04-19,1087.7,USD,1094.16,1068.18,1069.4,1747671
2018-04-20,1072.96,USD,1092.35,1069.57,1082.0,1889686
2018-04-23,1067.45,USD,1082.72,1060.7,1077.86,2341258
2018-04-24,1019.98,USD,1057.0,1010.59,1052.0,4760260
2018-04-25,1021.18,USD,1032.49,1015.31,1025.52,2391105
2018-04-26,1040.04,USD,1047.98,1018.19,1029.51,2079533
2018-04-27,1030.05,USD,1049.5,1025.59,1046.0,1619796
2018-04-30,1017.33,USD,1037.0,1016.85,1030.01,1671254
2018-05-01,1037.31,USD,1038.47,1008.21,1013.66,1427857
2018-05-02,1024.38,USD,1040.39,1022.87,1028.1,1603081
2018-05-03,1023.72,USD,1029.67,1006.29,1019.0,1815058
2018-05-04,1048.21,USD,1048.51,1016.9,1016.9,1938658
2018-05-07,1054.79,USD,1061.68,1047.1,1049.23,1466065
2018-05-08,1053.91,USD,1060.55,1047.14,1058.54,1217721
2018-05-09,1082.76,USD,1085.44,1056.37,1058.1,2032818
2018-05-10,1097.57,USD,1100.44,1085.64,1086.03,1443025
2018-05-11,1098.26,USD,1101.33,1090.91,1093.6,1253665
2018-05-14,1100.2,USD,1110.75,1099.11,1100.0,1518077
2018-05-15,1079.23,USD,1090.05,1073.47,1090.0,1494872
2018-05-16,1081.77,USD,1089.27,1076.26,1077.31,1097317
2018-05-17,1078.59,USD,1086.87,1073.5,1079.89,1043766
2018-05-18,1066.36,USD,1069.94,1060.68,1061.86,1565240
2018-05-21,1079.58,USD,1088.0,1073.65,1074.06,1023211
2018-05-22,1069.73,USD,1086.59,1066.69,1083.56,1090002
2018-05-23,1079.69,USD,1080.78,1061.71,1065.13,1060683
2018-05-24,1079.24,USD,1080.47,1066.15,1079.0,766773
2018-05-25,1075.66,USD,1082.56,1073.78,1079.02,899406
2018-05-29,1060.32,USD,1073.37,1055.22,1064.89,1865139
2018-05-30,1067.8,USD,1069.21,1056.83,1063.03,1138457
2018-05-31,1084.99,USD,1097.19,1067.56,1067.56,3088305
2018-06-01,1119.5,USD,1120.0,1098.5,1099.35,2421598
2018-06-04,1139.29,USD,1141.89,1122.01,1122.33,1889579
2018-06-05,1139.66,USD,1145.74,1133.19,1140.99,1677973
2018-06-06,1136.88,USD,1143.0,1125.74,1142.17,1698247
2018-06-07,1123.86,USD,1135.82,1116.52,1131.32,1520020
2018-06-08,1120.87,USD,1126.67,1112.15,1118.18,1290845
2018-06-11,1129.99,USD,1137.26,1118.6,1118.6,1079294
2018-06-12,1139.32,USD,1139.79,1130.73,1131.07,912018
2018-06-13,1134.79,USD,1146.5,1133.38,1141.12,1506407
2018-06-14,1152.12,USD,1155.47,1140.64,1143.85,1350868
2018-06-15,1152.26,USD,1153.42,1143.48,1148.86,2122476
2018-06-18,1173.46,USD,1174.31,1143.59,1143.65,1413692
2018-06-19,1168.06,USD,1171.27,1154.01,1158.5,1621018
2018-06-20,1169.84,USD,1186.29,1169.16,1175.31,1648536
2018-06-21,1157.66,USD,1177.3,1152.23,1174.85,1238118
2018-06-22,1155.48,USD,1162.5,1147.26,1159.14,1310967
2018-06-25,1124.81,USD,1143.91,1112.78,1143.6,2157310
2018-06-26,1118.46,USD,1133.21,1116.66,1128.0,1563225
2018-06-27,1103.98,USD,1131.84,1103.62,1121.34,1293892
2018-06-28,1114.22,USD,1122.31,1096.01,1102.09,1072438
2018-06-29,1115.65,USD,1128.23,1115.0,1120.0,1315121
2018-07-02,1127.46,USD,1128.0,1093.8,1099.0,1217311
2018-07-03,1102.89,USD,1135.82,1100.02,1135.82,679034
2018-07-05,1124.27,USD,1127.5,1108.48,1110.53,1066685
2018-07-06,1140.17,USD,1140.93,1120.74,1123.58,996079
2018-07-09,1154.05,USD,1154.67,1143.42,1148.48,908969
2018-07-10,1152.84,USD,1159.59,1149.59,1156.98,798412
2018-07-11,1153.9,USD,1164.29,1141.0,1144.59,1119993
2018-07-12,1183.48,USD,1184.41,1155.93,1159.89,1251884
2018-07-13,1188.82,USD,1195.42,1180.0,1185.0,1222072
2018-07-16,1183.86,USD,1191.0,1179.28,1189.39,1055662
2018-07-17,1198.8,USD,1203.04,1170.6,1172.22,1610353
2018-07-18,1195.88,USD,1204.5,1190.34,1196.56,1393606
2018-07-19,1186.96,USD,1200.0,1183.32,1191.0,1276667
2018-07-20,1184.91,USD,1196.86,1184.22,1186.96,1248400
2018-07-23,1205.5,USD,1206.49,1181.0,1181.01,2619234
2018-07-24,1248.08,USD,1266.0,1235.56,1262.59,3318204
2018-07-25,1263.7,USD,1265.86,1239.13,1239.13,2139999
2018-07-26,1268.33,USD,1269.77,1249.02,1251.0,2405638
2018-07-27,1238.5,USD,1273.89,1231.0,1271.0,2130558
2018-07-30,1219.74,USD,1234.92,1211.47,1228.01,1849904
2018-07-31,1217.26,USD,1227.59,1205.6,1220.01,1644722
2018-08-01,1220.01,USD,1233.47,1210.21,1228.0,1567264
2018-08-02,1226.15,USD,1229.88,1204.79,1205.9,1531299
2018-08-03,1223.71,USD,1230.0,1215.06,1229.62,1089896
2018-08-06,1224.77,USD,1226.09,1215.8,1225.0,1081723
2018-08-07,1242.22,USD,1251.17,1236.17,1237.0,1493980
2018-08-08,1245.61,USD,1256.5,1238.01,1240.47,1370913
2018-08-09,1249.1,USD,1255.54,1246.01,1249.9,848601
2018-08-10,1237.61,USD,1245.69,1232.0,1243.0,1108919
2018-08-13,1235.01,USD,1249.27,1233.64,1236.98,997346
2018-08-14,1242.1,USD,1245.87,1225.11,1235.19,1348194
2018-08-15,1214.38,USD,1235.24,1209.51,1229.26,1828814
2018-08-16,1206.49,USD,1226.0,1202.55,1224.73,1343161
2018-08-17,1200.96,USD,1209.02,1188.24,1202.03,1389645
2018-08-20,1207.77,USD,1211.0,1194.63,1205.02,870772
2018-08-21,1201.62,USD,1217.26,1200.35,1208.0,1205580
2018-08-22,1207.33,USD,1211.84,1199.0,1200.0,887389
2018-08-23,1205.38,USD,1221.28,1204.24,1207.14,992604
2018-08-24,1220.65,USD,1221.65,1206.36,1208.82,946840
2018-08-27,1241.82,USD,1243.09,1225.72,1227.6,1156255
2018-08-28,1231.15,USD,1242.55,1228.69,1241.29,1304007
2018-08-29,1249.3,USD,1250.66,1236.36,1237.45,1309312
2018-08-30,1239.12,USD,1253.63,1232.59,1244.23,1331439
2018-08-31,1218.19,USD,1238.66,1211.29,1234.98,1816426
2018-09-04,1197.0,USD,1212.99,1192.5,1204.27,1831045
2018-09-05,1186.48,USD,1199.01,1162.0,1193.8,2061309
2018-09-06,1171.44,USD,1186.3,1152.0,1186.3,1888467
2018-09-07,1164.83,USD,1175.26,1157.21,1158.67,1401404
2018-09-10,1164.64,USD,1174.54,1160.11,1172.19,1115796
2018-09-11,1177.36,USD,1178.68,1156.24,1161.63,1209565
2018-09-12,1162.82,USD,1178.61,1158.36,1172.72,1295472
2018-09-13,1175.33,USD,1178.61,1162.85,1170.74,1431214
2018-09-14,1172.53,USD,1180.42,1168.33,1179.1,943978
2018-09-17,1156.05,USD,1177.24,1154.03,1170.14,1306522
2018-09-18,1161.22,USD,1176.08,1157.09,1157.09,1203686
2018-09-19,1171.09,USD,1173.21,1154.58,1164.98,1191386
2018-09-20,1186.87,USD,1189.89,1173.36,1179.99,1225387
2018-09-21,1166.09,USD,1192.21,1166.04,1192.0,4405584
2018-09-24,1173.37,USD,1178.0,1146.91,1157.17,1271017
2018-09-25,1184.65,USD,1186.88,1168.0,1176.15,977731
2018-09-26,1180.49,USD,1194.23,1174.77,1185.15,1462253
2018-09-27,1194.64,USD,1202.1,1183.63,1186.73,1260754
2018-09-28,1193.47,USD,1195.41,1184.5,1191.87,1380629
2018-10-01,1195.31,USD,1209.9,1190.3,1199.89,1357604
2018-10-02,1200.11,USD,1209.96,1186.63,1190.96,1687914
2018-10-03,1202.95,USD,1206.41,1193.83,1205.0,1256214
2018-10-04,1168.19,USD,1197.51,1155.58,1195.33,2209490
2018-10-05,1157.35,USD,1173.5,1145.12,1167.5,1184452
2018-10-08,1148.97,USD,1168.0,1127.36,1150.11,1932355
2018-10-09,1138.82,USD,1154.35,1137.57,1146.15,1308764
2018-10-10,1081.22,USD,1132.17,1081.13,1131.08,2675742
2018-10-11,1079.32,USD,1106.4,1068.27,1072.94,2950120
2018-10-12,1110.08,USD,1115.0,1086.4,1108.0,2101303
2018-10-15,1092.25,USD,1113.45,1089.0,1108.91,1372393
2018-10-16,1121.28,USD,1124.22,1102.5,1104.59,1928540
2018-10-17,1115.69,USD,1128.99,1102.19,1126.46,1467226
2018-10-18,1087.97,USD,1121.84,1077.09,1121.84,2094524
2018-10-19,1096.46,USD,1110.36,1087.75,1093.37,1267649
2018-10-22,1101.16,USD,1112.23,1091.0,1103.06,1514220
2018-10-23,1103.69,USD,1107.89,1070.0,1080.89,1848654
2018-10-24,1050.71,USD,1106.12,1048.74,1104.25,1982430
2018-10-25,1095.57,USD,1110.98,1069.55,1071.79,2545839
2018-10-26,1071.47,USD,1106.53,1034.09,1037.03,4187586
2018-10-29,1020.08,USD,1097.04,995.83,1082.47,3880723
2018-10-30,1036.21,USD,1037.49,1000.75,1008.46,3212657
2018-10-31,1076.77,USD,1091.94,1057.0,1059.81,2529768
2018-11-01,1070.0,USD,1083.97,1062.46,1075.8,1481979
2018-11-02,1057.79,USD,1082.97,1054.61,1073.73,1839043
2018-11-05,1040.09,USD,1058.47,1021.24,1055.0,2441430
2018-11-06,1055.81,USD,1064.35,1038.07,1039.48,1233306
2018-11-07,1093.39,USD,1095.46,1065.9,1069.0,2058356
2018-11-08,1082.4,USD,1093.27,1072.2,1091.38,1488182
2018-11-09,1066.15,USD,1075.56,1053.11,1073.99,1343313
2018-11-12,1038.63,USD,1062.12,1031.0,1061.39,1471758
2018-11-13,1036.05,USD,1056.61,1031.15,1043.29,1513702
2018-11-14,1043.66,USD,1054.56,1031.0,1050.0,1565945
2018-11-15,1064.71,USD,1071.85,1031.78,1044.71,1836084
2018-11-16,1061.49,USD,1067.0,1048.98,1059.41,1658116
2018-11-19,1020.0,USD,1060.79,1016.26,1057.2,1858614
2018-11-20,1025.76,USD,1031.74,996.02,1000.0,2449130
2018-11-21,1037.61,USD,1048.56,1033.47,1036.76,1534274
2018-11-23,1023.88,USD,1037.59,1022.4,1030.0,691462
2018-11-26,1048.62,USD,1049.31,1033.91,1038.35,1942822
2018-11-27,1044.41,USD,1057.58,1038.49,1041.0,1803164
2018-11-28,1086.23,USD,1086.84,1035.76,1048.76,2475419
2018-11-29,1088.3,USD,1094.24,1076.0,1076.08,1468859
2018-11-30,1094.43,USD,1095.57,1077.88,1089.07,2580612
2018-12-03,1106.43,USD,1124.65,1103.66,1123.14,1990758
2018-12-04,1050.82,USD,1104.42,1049.98,1103.12,2345166
2018-12-06,1068.73,USD,1071.2,1030.77,1034.26,2769225
2018-12-07,1036.58,USD,1075.26,1028.5,1060.01,2101206
2018-12-10,1039.55,USD,1048.45,1023.29,1035.05,1807725
2018-12-11,1051.75,USD,1060.6,1039.84,1056.49,1394731
2018-12-12,1063.68,USD,1081.65,1062.79,1068.0,1523804
2018-12-13,1061.9,USD,1079.76,1053.93,1068.07,1329768
2018-12-14,1042.1,USD,1062.6,1040.79,1049.98,1686619
2018-12-17,1016.53,USD,1053.15,1007.9,1037.51,2385364
2018-12-18,1028.71,USD,1049.48,1021.44,1026.09,2192533
2018-12-19,1023.01,USD,1062.0,1008.05,1033.99,2479338
2018-12-20,1009.41,USD,1034.22,996.36,1018.13,2673464
2018-12-21,979.54,USD,1024.02,973.69,1015.3,4595891
2018-12-24,976.22,USD,1003.54,970.11,973.9,1590328
2018-12-26,1039.46,USD,1040.0,983.0,989.01,2373270
2018-12-27,1043.88,USD,1043.89,997.0,1017.15,2109777
2018-12-28,1037.08,USD,1055.56,1033.1,1049.62,1413772
2018-12-31,1035.61,USD,1052.7,1023.59,1050.96,1493722
2019-01-02,1045.85,USD,1052.32,1015.71,1016.57,1532608
2019-01-03,1016.06,USD,1056.98,1014.07,1041.0,1841066
2019-01-04,1070.71,USD,1070.84,1027.42,1032.59,2093894
2019-01-07,1068.39,USD,1074.0,1054.76,1071.5,1981874
2019-01-08,1076.28,USD,1084.56,1060.53,1076.11,1765267
2019-01-09,1074.66,USD,1082.63,1066.4,1081.65,1199272
2019-01-10,1070.33,USD,1071.15,1057.71,1067.66,1456421
2019-01-11,1057.19,USD,1063.78,1048.48,1063.18,1520756
2019-01-14,1044.69,USD,1051.53,1041.26,1046.92,1144263
2019-01-15,1077.15,USD,1080.05,1047.34,1050.17,1463570
2019-01-16,1080.97,USD,1092.38,1079.34,1080.0,1331819
2019-01-17,1089.9,USD,1091.8,1073.5,1079.47,1242664
2019-01-18,1098.26,USD,1108.35,1090.9,1100.0,1955559
2019-01-22,1070.52,USD,1091.51,1063.47,1088.0,1613527
2019-01-23,1075.57,USD,1084.93,1059.75,1077.35,966956
2019-01-24,1073.9,USD,1079.47,1060.7,1076.48,1361673
2019-01-25,1090.99,USD,1094.0,1081.82,1085.0,1119216
2019-01-28,1070.08,USD,1083.0,1063.8,1080.11,1284281
2019-01-29,1060.62,USD,1075.15,1055.86,1072.68,1021819
2019-01-30,1089.06,USD,1091.0,1066.85,1068.43,1279822
2019-01-31,1116.37,USD,1117.33,1095.41,1103.0,1538324
2019-02-01,1110.75,USD,1125.0,1104.89,1112.4,1462208
2019-02-04,1132.8,USD,1132.8,1109.02,1112.66,2576470
2019-02-05,1145.99,USD,1146.85,1117.25,1124.84,3552194
2019-02-06,1115.23,USD,1147.0,1112.77,1139.57,2105592
2019-02-07,1098.71,USD,1104.84,1086.0,1104.16,2044827
2019-02-08,1095.06,USD,1098.91,1086.55,1087.0,1075769
2019-02-11,1095.01,USD,1105.94,1092.86,1096.95,1065194
2019-02-12,1121.37,USD,1125.3,1105.85,1106.8,1609513
2019-02-13,1120.16,USD,1134.73,1118.5,1124.99,1049781
2019-02-14,1121.67,USD,1128.23,1110.44,1118.05,947632
2019-02-15,1113.65,USD,1131.67,1110.65,1130.08,1449830
2019-02-19,1118.56,USD,1121.89,1110.0,1110.0,1046628
2019-02-20,1113.8,USD,1123.41,1105.28,1119.99,1087817
2019-02-21,1096.97,USD,1111.94,1092.52,1110.84,1415473
2019-02-22,1110.37,USD,1111.24,1095.6,1100.9,1049545
2019-02-25,1109.4,USD,1118.54,1107.27,1116.0,1413061
2019-02-26,1115.13,USD,1119.51,1099.92,1105.75,1471743
2019-02-27,1116.05,USD,1117.98,1101.0,1106.95,968760
2019-02-28,1119.92,USD,1127.65,1111.01,1111.3,1542609
2019-03-01,1140.99,USD,1142.97,1124.75,1124.9,1450316
2019-03-04,1147.8,USD,1158.28,1130.69,1146.99,1446047
2019-03-05,1162.03,USD,1169.61,1146.19,1150.06,1443174
2019-03-06,1157.86,USD,1167.57,1155.49,1162.49,1099289
2019-03-07,1143.3,USD,1156.76,1134.91,1155.72,1166559
2019-03-08,1142.32,USD,1147.08,1123.3,1126.73,1212489
2019-03-11,1175.76,USD,1176.19,1144.45,1144.45,1719192
2019-03-12,1193.2,USD,1200.0,1178.26,1178.26,2013115
2019-03-13,1193.32,USD,1200.93,1191.94,1200.64,1435936
2019-03-14,1185.55,USD,1197.88,1184.48,1194.51,1172815
2019-03-15,1184.46,USD,1196.57,1182.61,1193.38,2459957
2019-03-18,1184.26,USD,1190.0,1177.42,1183.3,1292633
2019-03-19,1198.85,USD,1200.0,1185.87,1188.81,1520688
2019-03-20,1223.97,USD,1227.14,1196.17,1197.35,2227786
2019-03-21,1231.54,USD,1231.79,1213.15,1216.0,1204045
2019-03-22,1205.5,USD,1230.0,1202.83,1226.32,1714247
2019-03-25,1193.0,USD,1206.4,1187.04,1196.93,1496843
2019-03-26,1184.62,USD,1202.83,1176.72,1198.53,1901156
2019-03-27,1173.02,USD,1187.56,1159.37,1185.5,1400240
2019-03-28,1168.49,USD,1171.57,1159.43,1171.54,1012430
2019-03-29,1173.31,USD,1178.99,1162.88,1174.9,1269979
2019-04-01,1194.43,USD,1196.66,1182.0,1184.1,1252757
2019-04-02,1200.49,USD,1201.35,1185.71,1195.32,827973
2019-04-03,1205.92,USD,1216.3,1200.5,1207.48,1017838
2019-04-04,1215.0,USD,1215.67,1204.13,1205.94,950747
2019-04-05,1207.15,USD,1216.22,1205.03,1214.99,907152
2019-04-08,1203.84,USD,1208.69,1199.86,1207.89,860363
2019-04-09,1197.25,USD,1202.29,1193.08,1196.0,876381
2019-04-10,1202.16,USD,1203.79,1196.43,1200.68,724643
2019-04-11,1204.62,USD,1207.96,1200.13,1203.96,710231
2019-04-12,1217.87,USD,1218.35,1208.11,1210.0,933794
2019-04-15,1221.1,USD,1224.2,1209.11,1218.0,1187519
2019-04-16,1227.13,USD,1230.82,1220.12,1225.0,856304
2019-04-17,1236.34,USD,1240.56,1227.82,1233.0,1221930
2019-04-18,1236.37,USD,1242.0,1234.61,1239.18,1331823
2019-04-22,1248.84,USD,1249.09,1228.31,1235.99,807334
2019-04-23,1264.55,USD,1269.0,1246.38,1250.69,1319910
2019-04-24,1256.0,USD,1268.01,1255.0,1264.12,1018753
2019-04-25,1263.45,USD,1267.41,1252.03,1264.77,1107295
2019-04-26,1272.18,USD,1273.07,1260.32,1269.0,1241428
2019-04-29,1287.58,USD,1289.27,1266.29,1274.0,2499432
2019-04-30,1188.48,USD,1192.81,1175.0,1185.0,6207027
2019-05-01,1168.08,USD,1188.05,1167.18,1188.05,2642983
2019-05-02,1162.61,USD,1174.19,1155.0,1167.76,1944817
2019-05-03,1185.4,USD,1186.8,1169.0,1173.65,1980653
2019-05-06,1189.39,USD,1190.85,1166.26,1166.26,1563943
2019-05-07,1174.1,USD,1190.44,1161.04,1180.47,1551368
2019-05-08,1166.27,USD,1180.42,1165.74,1172.01,1309514
2019-05-09,1162.38,USD,1169.66,1150.85,1159.03,1185973
2019-05-10,1164.27,USD,1172.6,1142.5,1163.59,1314546
2019-05-13,1132.03,USD,1147.94,1122.11,1141.96,1860648
2019-05-14,1120.44,USD,1140.42,1119.55,1137.21,1836604
2019-05-15,1164.21,USD,1171.33,1116.67,1117.87,2289302
2019-05-16,1178.98,USD,1188.16,1162.84,1164.51,1531404
2019-05-17,1162.3,USD,1180.15,1160.01,1168.47,1208623
2019-05-20,1138.85,USD,1146.8,1131.44,1144.5,1353292
2019-05-21,1149.63,USD,1152.71,1137.94,1148.49,1160158
2019-05-22,1151.42,USD,1158.52,1145.89,1146.75,914839
2019-05-23,1140.77,USD,1145.97,1129.22,1140.5,1199300
2019-05-24,1133.47,USD,1149.77,1131.66,1147.36,1112341
2019-05-28,1134.15,USD,1151.59,1133.12,1134.0,1365166
2019-05-29,1116.46,USD,1129.1,1108.22,1127.52,1538212
2019-05-30,1117.95,USD,1123.13,1112.12,1115.54,951873
2019-05-31,1103.63,USD,1109.6,1100.18,1101.29,1508203
2019-06-03,1036.23,USD,1065.5,1025.0,1065.5,5130576
2019-06-04,1053.05,USD,1056.05,1033.69,1042.9,2833483
2019-06-05,1042.22,USD,1053.55,1030.49,1051.54,2168439
2019-06-06,1044.34,USD,1047.49,1033.7,1044.99,1703244
2019-06-07,1066.04,USD,1070.92,1048.4,1050.63,1802370
2019-06-10,1080.38,USD,1092.66,1072.32,1072.98,1464248
2019-06-11,1078.72,USD,1101.99,1077.6,1093.98,1437063
2019-06-12,1077.03,USD,1080.93,1067.54,1078.0,1061255
2019-06-13,1088.77,USD,1094.17,1080.15,1083.64,1058000
2019-06-14,1085.35,USD,1092.69,1080.17,1086.42,1111643
2019-06-17,1092.5,USD,1099.18,1086.28,1086.28,941602
2019-06-18,1103.6,USD,1116.39,1098.99,1109.69,1386684
2019-06-19,1102.33,USD,1107.0,1093.48,1105.6,1339218
2019-06-20,1111.42,USD,1120.12,1104.74,1119.99,1262011
2019-06-21,1121.88,USD,1124.11,1108.08,1109.24,1947591
2019-06-24,1115.52,USD,1122.0,1111.01,1119.61,1395696
2019-06-25,1086.35,USD,1114.35,1083.8,1112.66,1546913
2019-06-26,1079.8,USD,1092.97,1072.24,1086.5,1810869
2019-06-27,1076.01,USD,1087.1,1075.29,1084.0,1004477
2019-06-28,1080.91,USD,1081.0,1073.37,1076.39,1693450
2019-07-01,1097.95,USD,1107.58,1093.7,1098.0,1438504
2019-07-02,1111.25,USD,1111.77,1098.17,1102.24,991755
2019-07-03,1121.58,USD,1126.76,1113.86,1117.41,767011
2019-07-05,1131.59,USD,1132.88,1116.14,1117.8,1264540
2019-07-08,1116.35,USD,1125.98,1111.21,1125.17,1236419
2019-07-09,1124.83,USD,1128.03,1107.17,1111.8,1330370
2019-07-10,1140.48,USD,1142.05,1130.97,1131.22,1209466
2019-07-11,1144.21,USD,1153.07,1139.58,1143.25,1195569
2019-07-12,1144.9,USD,1147.34,1138.78,1143.99,863973
2019-07-15,1150.34,USD,1150.82,1139.4,1146.86,903780
2019-07-16,1153.58,USD,1158.58,1145.0,1146.0,1238807
2019-07-17,1146.35,USD,1158.36,1145.77,1150.97,1170047
2019-07-18,1146.33,USD,1147.61,1132.73,1141.74,1291281
2019-07-19,1130.1,USD,1151.14,1129.62,1148.19,1647245
2019-07-22,1138.07,USD,1139.25,1124.24,1133.45,1301846
2019-07-23,1146.21,USD,1146.9,1131.8,1144.0,1093688
2019-07-24,1137.81,USD,1144.0,1126.99,1131.9,1590101
2019-07-25,1132.12,USD,1141.7,1120.92,1137.82,2209823
2019-07-26,1250.41,USD,1265.55,1224.0,1224.04,4805752
2019-07-29,1239.41,USD,1247.37,1228.23,1241.05,2223731
2019-07-30,1225.14,USD,1234.87,1223.3,1225.41,1453263
2019-07-31,1216.68,USD,1234.0,1207.76,1223.0,1725454
2019-08-01,1209.01,USD,1234.11,1205.72,1214.03,1698510
2019-08-02,1193.99,USD,1206.9,1188.94,1200.74,1645067
2019-08-05,1152.32,USD,1175.24,1140.14,1170.04,2597455
2019-08-06,1169.95,USD,1179.96,1160.0,1163.31,1709374
2019-08-07,1173.99,USD,1178.45,1149.62,1156.0,1444324
2019-08-08,1204.8,USD,1205.01,1173.02,1182.83,1467997
2019-08-09,1188.01,USD,1203.88,1183.6,1197.99,1065658
2019-08-12,1174.71,USD,1184.96,1167.67,1179.21,1003187
2019-08-13,1197.27,USD,1204.78,1171.46,1171.46,1318009
2019-08-14,1164.29,USD,1182.3,1160.54,1176.31,1578668
2019-08-15,1167.26,USD,1175.84,1162.11,1163.5,1224739
2019-08-16,1177.6,USD,1182.72,1171.81,1179.55,1349436
2019-08-19,1198.45,USD,1206.99,1190.09,1190.09,1232517
2019-08-20,1182.69,USD,1196.06,1182.11,1195.25,915605
2019-08-21,1191.25,USD,1199.0,1187.43,1193.15,741053
2019-08-22,1189.53,USD,1198.01,1178.58,1194.07,947906
2019-08-23,1151.29,USD,1194.08,1147.75,1181.99,1688271
2019-08-26,1168.89,USD,1169.47,1152.96,1157.26,1226441
2019-08-27,1167.84,USD,1182.4,1161.45,1180.53,1077452
2019-08-28,1171.02,USD,1176.42,1157.3,1161.71,802243
2019-08-29,1192.85,USD,1196.06,1181.12,1181.12,1088858
2019-08-30,1188.1,USD,1198.5,1183.8,1198.5,1129959
2019-09-03,1168.39,USD,1186.89,1163.2,1177.03,1480420
2019-09-04,1181.41,USD,1183.48,1171.0,1176.71,1068968
2019-09-05,1211.38,USD,1213.04,1191.53,1191.53,1408601
2019-09-06,1204.93,USD,1212.02,1202.52,1208.13,1072143
2019-09-09,1204.41,USD,1220.0,1192.62,1204.0,1471880
2019-09-10,1206.0,USD,1210.0,1194.58,1195.15,1260115
2019-09-11,1220.17,USD,1222.6,1202.2,1203.41,1307033
2019-09-12,1234.25,USD,1241.86,1223.02,1224.3,1725908
2019-09-13,1239.56,USD,1240.88,1227.01,1231.35,1301350
2019-09-16,1231.3,USD,1239.56,1225.61,1229.52,1053299
2019-09-17,1229.15,USD,1235.0,1223.69,1230.4,958112
2019-09-18,1232.41,USD,1235.61,1216.53,1227.51,1144333
2019-09-19,1238.71,USD,1244.44,1232.02,1232.06,1000155
2019-09-20,1229.93,USD,1243.32,1223.08,1233.12,2337269
2019-09-23,1234.03,USD,1239.09,1224.17,1226.0,1075253
2019-09-24,1218.76,USD,1246.74,1210.68,1240.0,1591786
2019-09-25,1246.52,USD,1248.3,1210.09,1215.82,1593875
2019-09-26,1241.39,USD,1245.0,1232.27,1241.96,1561882
2019-09-27,1225.09,USD,1244.02,1214.45,1243.01,1354432
2019-09-30,1219.0,USD,1226.0,1212.3,1220.97,1419676
2019-10-01,1205.1,USD,1231.23,1203.58,1219.0,1358279
2019-10-02,1176.63,USD,1196.99,1171.29,1196.98,1639237
2019-10-03,1187.83,USD,1189.06,1162.43,1180.0,1663656
2019-10-04,1209.0,USD,1211.44,1189.17,1191.89,1183264
2019-10-07,1207.68,USD,1218.2,1203.75,1204.4,867149
2019-10-08,1189.13,USD,1206.08,1189.01,1197.59,1141784
2019-10-09,1202.31,USD,1208.35,1197.63,1199.35,876632
2019-10-10,1208.67,USD,1215.0,1197.34,1198.58,932531
2019-10-11,1215.45,USD,1228.39,1213.74,1222.21,1277144
2019-10-14,1217.14,USD,1226.33,1211.76,1212.34,882039
2019-10-15,1243.01,USD,1247.33,1220.4,1220.4,1395259
2019-10-16,1243.64,USD,1254.74,1238.45,1241.17,1168174
2019-10-17,1253.07,USD,1263.33,1249.94,1250.93,980510
2019-10-18,1245.49,USD,1258.89,1241.08,1253.46,1352839
2019-10-21,1246.15,USD,1254.63,1240.6,1252.26,1038042
2019-10-22,1242.8,USD,1250.6,1241.38,1247.85,1047851
2019-10-23,1259.13,USD,1259.89,1242.36,1242.36,928595
2019-10-24,1260.99,USD,1264.0,1253.71,1260.9,1039868
2019-10-25,1265.13,USD,1269.6,1250.01,1251.03,1213051
2019-10-28,1290.0,USD,1299.31,1272.54,1275.45,2613237
2019-10-29,1262.62,USD,1281.59,1257.21,1276.23,1886380
2019-10-30,1261.29,USD,1269.36,1252.0,1252.97,1408851
2019-10-31,1260.11,USD,1267.67,1250.84,1261.28,1455651
2019-11-01,1273.74,USD,1274.62,1260.5,1265.0,1670072
2019-11-04,1291.37,USD,1294.13,1276.36,1276.45,1500964
2019-11-05,1292.03,USD,1298.93,1291.23,1292.89,1282711
2019-11-06,1291.8,USD,1293.73,1282.5,1289.46,1152977
2019-11-07,1308.86,USD,1323.74,1294.24,1294.28,2029970
2019-11-08,1311.37,USD,1318.0,1304.37,1305.28,1251916
2019-11-11,1299.19,USD,1306.42,1297.41,1303.18,1012429
2019-11-12,1298.8,USD,1310.0,1295.77,1300.0,1085859
2019-11-13,1298.0,USD,1304.3,1293.51,1294.07,853861
2019-11-14,1311.46,USD,1317.0,1295.65,1297.5,1194305
2019-11-15,1334.87,USD,1334.88,1314.28,1318.94,1782955
2019-11-18,1320.7,USD,1335.53,1317.5,1332.22,1488083
2019-11-19,1315.46,USD,1327.7,1312.8,1327.7,1269372
2019-11-20,1303.05,USD,1315.0,1291.15,1311.74,1309835
2019-11-21,1301.35,USD,1312.59,1293.0,1301.48,995499
2019-11-22,1295.34,USD,1308.73,1291.41,1305.62,1386506
2019-11-25,1306.69,USD,1311.31,1298.13,1299.18,1036487
2019-11-26,1313.55,USD,1314.8,1305.09,1309.86,1069795
2019-11-27,1312.99,USD,1318.36,1309.63,1315.0,996329
2019-11-29,1304.96,USD,1310.2,1303.97,1307.12,586981
2019-12-02,1289.92,USD,1305.83,1281.0,1301.0,1511851
2019-12-03,1295.28,USD,1298.46,1279.0,1279.57,1268647
2019-12-04,1320.54,USD,1325.8,1304.87,1307.01,1538110
2019-12-05,1328.13,USD,1329.36,1316.44,1328.0,1212818
2019-12-06,1340.62,USD,1344.0,1333.44,1333.44,1315510
2019-12-09,1343.56,USD,1359.45,1337.84,1338.04,1355795
2019-12-10,1344.66,USD,1349.97,1336.04,1341.5,1094653
2019-12-11,1345.02,USD,1351.2,1342.67,1350.84,850796
2019-12-12,1350.27,USD,1355.78,1340.5,1345.94,1281722
2019-12-13,1347.83,USD,1353.09,1343.87,1347.95,1550028
2019-12-16,1361.17,USD,1364.68,1352.67,1356.5,1397451
2019-12-17,1355.12,USD,1365.0,1351.32,1362.89,1855259
2019-12-18,1352.62,USD,1360.47,1351.0,1356.6,1657069
2019-12-19,1356.04,USD,1358.1,1348.98,1351.82,1470112
2019-12-20,1349.59,USD,1363.64,1349.0,1363.35,3316905
2019-12-23,1348.84,USD,1359.8,1346.51,1355.87,883200
2019-12-24,1343.56,USD,1350.26,1342.78,1348.5,347518
2019-12-26,1360.4,USD,1361.33,1344.47,1346.17,667754
2019-12-27,1351.89,USD,1364.53,1349.31,1362.99,1038718
2019-12-30,1336.14,USD,1353.0,1334.02,1350.0,1051323
2019-12-31,1337.02,USD,1338.0,1329.09,1330.11,962468
